ResponseId,UserLanguage,gender,age,education,ai_exp,ATI_1,ATI_2,ATI_3,ATI_4,ATI_5,ATI_6,ATI_7,ATI_8,ATI_9,HCSDS_C1,HCSDS_V1,HCSDS_C2,HCSDS_C3,HCSDS_V2,HCSDS_C4,HCSDS_V3,HCSDS_V4,HCSDS_V5,manip_check1_1,manip_check1_2,manip_check1_3,manip_check1_4,manip_check2,TiA_RC1,TiA_F1,TiA_Pro1,TiA_RC2,TiA_UP2,TiA_T1,TiA_RC3,TiA_UP3,TiA_Pro2,TiA_RC4,TiA_T2,TiA_RC5,TiA_UP4,TiA_F2,TiA_Pro3,TiA_RC6,stimulus_group,page_submit
R_2wcQZNoEgb828YN,NL,2,24,6,4,3,4,2,4,5,2,4,4,4,4,4,3,3,4,3,2,4,2,2,4,3,2,90,4,4,4,4,3,4,2,4,2,2,4,5,4,1,2,3,1,41.777
R_2xVbwQvHkSdNB3X,EN-GB,1,24,6,5,5,5,2,4,5,2,4,2,5,4,4,4,2,2,4,3,4,3,2,4,4,3,Between 82 and 98%,4,1,5,2,4,2,4,4,4,4,4,5,4,1,2,2,1,68.266
R_8IgEAe8wOZIeQih,DE,2,22,6,3,1,3,2,2,2,5,1,4,2,4,3,3,2,3,4,4,3,2,2,4,4,2,90%,2,3,4,3,4,2,3,3,3,4,2,4,5,2,3,2,0,40.024
R_2xVkPWT9CLOsV9Z,NL,2,22,7,4,4,3,4,3,3,2,4,3,4,4,4,4,3,4,3,3,4,4,1,2,4,2,85,4,5,5,4,4,4,4,4,3,5,2,5,4,1,3,4,0,32.696
R_2DNNnCk5wVZRMMi,NL,1,46,7,5,5,5,2,3,5,2,4,2,4,5,1,5,1,3,5,1,1,1,1,3,4,3,behoorlijk betrouwbaar,5,4,4,5,1,5,1,4,4,5,5,5,3,1,4,4,1,82.79
R_2axlh12eZ3cxw3E,NL,2,23,7,4,4,2,4,2,2,1,4,5,2,2,5,4,4,5,2,2,2,4,1,5,1,4,90%,5,4,5,5,1,5,1,5,2,4,2,5,2,1,5,5,0,58.15
R_2OIUzLqJwhBHGHD,DE,2,54,4,1,2,2,4,2,2,4,3,5,3,4,3,3,3,2,1,3,3,3,1,5,5,5,90,2,1,4,4,3,3,2,4,3,3,4,3,3,1,2,3,1,111.449
R_2NyOIMCFWSF2abt,NL,2,23,7,4,2,2,4,2,2,5,2,5,4,1,2,2,4,5,2,2,4,1,1,2,1,3,80% - 98%,2,1,4,4,2,4,2,4,2,4,4,5,2,1,3,4,1,188.884
R_8hWjOq7Y07QLAqB,NL,2,24,6,3,1,2,3,1,1,5,1,5,1,5,4,3,3,3,2,1,3,3,2,4,2,4,70,2,2,5,2,2,2,4,2,2,4,4,4,2,1,2,2,0,45.933
R_83I0aNheQQ55Ygp,NL,1,24,7,3,4,4,4,3,4,2,4,4,4,5,4,4,3,3,3,3,2,1,4,5,5,1,90% accuraat,2,4,5,3,4,1,3,1,1,4,3,4,4,3,3,3,0,198.004
R_8f3qQNk7bwVMC4h,DE,2,23,6,3,4,4,2,4,4,2,3,4,2,5,2,3,4,3,3,2,2,1,1,4,5,4,90% (+-8%)-> 82%-98%,4,4,5,4,2,2,2,3,4,1,3,5,2,1,4,4,1,183.698
R_2N3MYd4mP7ALrhq,EN-GB,2,25,7,3,3,4,1,4,4,1,2,3,1,5,2,5,1,1,5,1,1,1,1,4,1,5,90,1,5,5,4,3,1,3,5,2,4,4,5,3,1,2,3,0,52.9
R_8q7qk4XhQTGv3qM,NL,1,22,6,4,5,5,1,5,5,2,4,2,5,4,4,4,2,5,4,3,4,1,1,4,3,4,Zeer betrouwbaar (82-98 procent),4,2,4,4,2,4,4,4,3,4,4,5,4,1,4,3,1,114.18
R_2CJjBZ3CEBG1jrQ,NL,2,22,7,4,4,4,1,3,4,2,2,4,3,4,3,4,3,4,3,3,3,3,2,2,5,5,90% in aangeven hoe groot de kans is op een bepaalde diagnose,4,5,4,4,2,4,3,4,4,5,4,5,5,2,4,4,1,76.444
R_2Xoleccy11GFb23,EN-GB,2,24,7,4,3,4,4,4,4,2,4,2,4,4,2,4,2,2,4,3,2,2,1,4,5,3,90 percent but it differed 85-88,5,5,3,5,2,4,2,4,4,4,4,5,4,3,4,5,1,56.275
R_2EeIxLtmJ7ThE6R,NL,2,26,7,2,5,5,3,5,5,2,5,2,4,5,3,4,3,2,4,2,2,2,1,4,2,2,90,4,3,3,4,2,4,2,2,4,5,4,5,3,1,3,4,0,37.918
R_8CVgRnghnagCsRK,DE,2,56,4,1,4,4,3,4,4,4,5,5,5,5,5,2,4,4,4,4,4,3,4,5,5,5,90,4,4,4,5,4,4,3,4,4,4,4,5,5,1,2,2,0,40.541
R_2CAGReiV4E9jT9f,DE,2,55,2,1,1,2,1,3,1,3,4,1,2,4,2,2,2,3,2,2,1,1,3,3,3,4,60%,3,1,3,2,3,3,3,3,3,3,4,3,3,3,3,4,1,31.16
R_22n9RRTmmYr2LzQ,DE,2,57,5,1,2,2,3,3,2,4,4,4,4,4,4,2,3,3,2,2,3,3,3,4,4,3,82-90%,4,4,2,4,2,4,2,4,3,4,3,4,3,1,3,4,1,142.606
R_70pcA3OdDCWM8pz,EN-GB,1,30,6,2,3,4,2,3,3,1,4,1,4,4,3,5,3,3,5,3,3,1,1,3,3,3,"It just looked at similar cases and compared, can't remember any specific number of successful diagnoses.",4,4,5,4,5,3,3,4,5,5,4,5,4,1,1,3,1,220.864
R_8y2exnybwnobhGs,NL,1,25,7,5,5,5,3,5,3,3,5,3,3,4,3,4,2,4,4,4,3,3,2,4,4,3,Spreiding van 8% rond ongeveer 90% accuracy,2,5,5,3,4,2,4,1,2,4,3,5,2,3,2,1,1,72.226
R_869hFQQwp6oSRDG,NL,1,57,6,2,1,4,1,4,3,4,1,5,4,5,3,4,3,4,4,2,2,2,1,4,5,5,90%,4,1,4,4,1,4,1,5,4,5,5,5,1,1,3,4,0,54.07
R_83oElExLlK1gF9L,DE,2,38,4,2,2,3,4,3,2,4,2,4,2,2,3,1,3,4,1,1,3,3,5,5,5,5,90%,4,1,3,4,3,3,3,4,3,4,3,3,3,1,3,3,0,75.767
R_8j93ZeWvydWte8R,DE,1,76,5,1,2,3,3,2,2,3,2,4,2,4,3,3,3,4,3,4,3,2,4,4,4,3,80,4,3,4,4,2,3,2,3,3,4,4,3,3,1,3,3,1,77.484
R_2kIxMqGWrWKixED,NL,1,28,7,2,4,4,2,3,4,3,4,4,4,5,4,5,3,2,4,3,2,3,1,4,4,3,82-98%,4,4,5,4,3,3,4,3,2,1,4,5,4,1,2,2,1,31.989
R_8OkmKpSDT0DJ2m3,NL,2,56,7,3,1,2,5,1,1,5,1,2,1,5,3,5,4,2,4,2,2,1,3,5,5,3,90% gelijk,4,5,4,5,1,5,1,4,4,5,5,5,2,1,4,4,0,69.701
R_2BsTJcD1IP3MEO5,NL,2,36,8,4,2,2,4,4,3,2,4,2,3,4,3,1,2,3,4,2,3,3,2,2,2,2,90,2,2,4,4,4,3,3,3,3,3,2,2,3,4,4,3,1,43.402
R_90wxE5OJpndjLZl,DE,2,23,6,3,2,4,4,2,2,4,2,3,5,4,2,4,3,3,3,3,2,3,1,4,5,4,70%,4,4,3,4,2,4,2,4,4,4,3,5,2,1,3,3,0,38.667
R_2Ol7D4ijkXaF8dY,DE,2,19,6,2,2,4,4,2,2,4,2,4,2,4,4,4,2,3,3,2,2,3,2,5,5,4,90%,4,1,4,4,2,3,2,4,4,4,4,4,2,1,4,4,0,107.353
R_82VTiMRxnTq6OmC,DE,2,62,2,2,4,4,3,4,4,3,3,3,4,4,3,4,3,4,4,3,3,2,3,4,3,3,90%,3,3,4,3,4,3,2,3,3,4,3,4,3,2,4,3,1,68.101
R_8j0R4S5juTSNNgA,DE,1,25,6,3,4,4,2,4,4,2,4,2,4,2,4,3,4,5,3,2,5,3,1,5,4,5,90%,4,1,4,2,2,2,4,5,4,1,4,4,1,1,4,4,0,51.344
R_8JwQtEmqqcYui4Y,DE,2,53,4,3,2,2,5,3,1,1,5,2,2,2,4,2,4,4,1,3,3,4,3,3,4,2,?,4,4,4,5,4,2,3,2,2,2,2,2,4,4,4,2,1,32.978
R_2sTchbxRnCZFrWh,DE,2,51,4,1,2,4,4,5,4,4,2,4,4,4,2,4,3,3,4,4,3,2,2,4,4,3,85,5,1,2,4,2,4,2,3,3,3,4,3,3,2,3,4,0,39.901
R_2GjPm6h0yKHUH2W,NL,2,26,7,3,1,3,2,4,1,4,4,4,4,5,4,5,2,2,5,3,1,2,2,4,4,3,80%,2,1,5,2,4,4,1,4,3,4,4,5,4,1,2,2,1,65.698
R_8HGJ0ZeB6b5Aomd,DE,2,19,6,2,2,3,5,2,2,5,2,5,3,3,4,3,4,3,1,2,3,2,1,2,1,4,82% bis 98%,3,2,5,4,2,2,2,5,2,4,4,5,2,1,4,4,1,227.438
R_24FJMzrXnlZZtLP,EN-GB,1,24,6,5,5,5,1,4,5,1,5,1,5,2,3,4,4,2,3,1,1,1,1,4,4,5,relevant diagnosis predicted in 90% of cases,5,2,4,4,1,3,2,4,1,4,4,5,2,1,2,4,0,102.492
R_2QsNRHjcjh7KcIL,EN-GB,3,22,7,4,4,4,3,4,4,2,3,3,4,4,3,4,2,4,4,3,2,1,2,3,2,1,"90 percent plus or minus 8, depending on the situation",3,5,5,4,5,3,4,2,1,2,4,5,4,1,4,3,1,151.414
R_2joCdlvESwRIuiN,DE,1,59,2,2,2,1,1,1,1,1,2,1,2,2,3,3,3,1,3,3,1,1,3,2,2,4,35,4,3,3,4,3,4,1,2,4,4,4,3,3,3,3,4,1,40.075
R_8CjcNxEFoMNLXrh,DE,2,74,4,1,2,3,4,2,3,4,3,4,3,3,4,3,4,4,3,4,4,3,2,2,4,3,90,4,4,5,4,2,4,2,4,4,4,4,3,4,2,4,4,1,48.9
R_8c8F7BIFgCL53sR,DE,1,19,6,3,4,5,2,5,4,4,4,1,5,2,3,4,3,2,4,2,3,1,1,5,5,2,90%,3,4,4,4,2,4,2,3,4,3,4,5,4,1,2,3,0,50.3
R_8CTMA7F0s21drGr,DE,1,24,6,3,2,2,4,4,2,5,2,4,3,4,2,4,2,2,4,5,2,2,2,4,4,5,82,4,2,3,4,2,4,2,3,4,4,4,5,3,1,4,4,1,39.76
R_8CkGIPaFoju17Fg,NL,2,26,7,3,3,1,2,1,2,2,1,4,3,4,2,5,2,4,5,1,1,1,1,4,4,2,90?,4,5,5,4,1,4,1,4,4,4,4,4,2,1,4,4,1,69.797
R_8yXHAr9hWjwfA3v,NL,2,46,7,2,4,4,4,2,2,2,4,4,2,5,1,5,1,2,5,5,1,1,1,5,4,4,90,4,4,4,4,2,4,1,2,4,4,4,4,2,4,4,4,0,31.049
R_4cCs5mYKRCucykN,NL,2,23,6,2,3,4,2,4,4,3,4,3,4,3,3,4,3,4,4,2,3,2,2,5,4,4,90%,4,4,4,5,2,4,2,4,4,4,4,4,4,1,4,4,0,128.881
R_9oNPWzGBaY4dcf9,EN-GB,2,22,6,3,2,2,3,2,2,4,2,4,2,2,4,3,3,4,3,3,4,3,2,4,2,4,90% plus minus 8% accuracy ,4,4,4,4,2,3,3,4,4,3,4,3,2,2,4,3,1,97.848
R_8nViZgNufo7nFs5,NL,2,25,7,4,1,2,4,1,1,5,1,5,2,2,4,4,4,4,2,1,4,4,3,5,4,4,99,4,3,5,4,2,4,4,3,2,4,4,4,2,3,4,4,0,36.697
R_8qF4Wtxtpc09cea,DE,1,67,5,1,3,4,3,3,3,4,3,4,3,4,4,4,2,3,4,4,3,3,4,4,4,4,90 %,4,4,4,4,2,4,2,4,4,4,4,4,3,1,3,4,1,211.882
R_2QxsagDrmHaGKLp,EN-GB,1,26,7,4,4,5,2,5,5,2,4,1,5,5,3,4,2,3,4,2,2,2,1,2,4,3,The MDSS works correctly for 90% of patients.,4,5,4,3,4,3,3,1,2,5,4,4,5,1,2,3,0,139.998
R_2jrY30hk5E4hlZG,DE,1,61,4,1,3,4,3,3,3,3,4,4,3,2,4,3,2,4,2,2,3,2,1,3,3,4,90%,4,2,3,4,2,3,2,4,4,4,4,4,5,1,3,4,0,54.579
R_8BMOPsA1mX1Yrm1,DE,1,25,3,3,2,3,4,2,2,4,3,4,4,2,3,3,3,4,4,2,4,3,1,4,5,5,90% mit 8% Varianz,4,2,3,3,2,3,1,5,4,2,4,5,2,1,4,4,1,121.238
R_8pXxJIZ8cfSVcBs,DE,2,69,7,1,3,3,4,3,3,2,4,2,2,4,4,4,3,3,4,4,2,2,1,3,4,4,80%,4,3,5,5,3,4,1,3,3,5,4,3,4,1,3,4,0,90.388
R_8h9nZ0IshQbdM9R,DE,1,56,4,2,4,5,1,4,4,2,4,2,4,1,5,3,5,5,4,3,5,4,2,4,4,3,90,4,4,4,5,2,4,2,4,4,4,4,4,4,1,4,4,1,50.101
R_8zO4ZaJw21aOjbH,DE,2,58,6,1,1,4,5,2,5,5,2,5,2,4,3,3,3,4,3,3,3,3,1,4,4,4,90 ,4,3,3,4,2,3,2,4,4,4,4,2,3,2,3,3,0,64.2
R_8wrnUoXY5B2LNmN,DE,1,70,7,1,2,3,2,3,2,4,2,4,2,4,4,4,2,3,4,3,2,3,1,4,4,3,90,4,3,4,4,3,3,2,2,4,4,4,4,3,2,4,3,1,198.985
R_22J7oSz8FJEqNDW,NL,2,33,7,3,4,4,2,3,4,3,4,3,4,4,4,5,3,4,4,2,3,2,4,4,4,4,90%,4,4,4,4,3,4,2,4,4,5,4,5,3,2,3,3,0,57.563
R_51BrAYwb0b7C5nc,DE,1,59,5,1,4,4,3,4,4,4,4,4,4,4,3,2,3,4,2,2,3,3,4,4,4,3,75,3,4,3,4,4,3,3,3,4,4,2,4,4,3,3,3,1,43.879
R_2Fl9UVxPjBp35vy,DE,1,54,4,1,3,3,4,4,4,3,3,2,2,3,3,3,2,4,4,2,3,3,2,4,2,4,'+-8%,4,3,4,4,4,3,2,3,4,4,3,4,3,2,3,4,1,182.88
R_8loCsoZ5UaCq2o7,NL,3,38,7,4,1,1,3,1,1,5,2,4,3,4,4,4,1,3,4,2,1,1,1,4,4,3,90%,4,4,4,4,2,4,2,4,4,4,4,5,3,1,4,4,0,39.733
R_8NmKXMGyuuUlmPr,NL,1,48,8,3,3,3,2,4,3,4,2,4,3,2,2,2,2,2,2,2,2,2,3,3,3,3,lihih,3,3,3,3,3,3,3,3,3,3,3,3,3,3,3,3,1,53.305
R_8GryGgbw0bmqwEN,NL,1,22,7,5,4,4,2,4,2,4,4,4,2,5,1,5,2,1,5,5,1,1,2,4,4,5,82 tot 98%,5,5,4,5,1,5,1,5,4,5,5,4,1,1,5,5,1,140.254
R_2YWE3UUYog019a9,NL,1,23,6,3,2,4,4,2,4,2,2,2,2,4,4,4,2,2,2,4,3,2,2,5,4,2,90%,4,2,4,4,2,4,2,2,2,2,4,5,2,2,4,4,0,97.459
R_8zrmmyTdrPPa437,NL,1,38,7,3,3,4,2,4,4,5,4,3,2,4,3,3,3,3,4,3,3,3,1,1,1,4,25,4,4,5,3,3,4,4,2,4,4,4,5,2,1,3,4,0,132.125
R_8lnoeZsTkVqKEcQ,NL,1,21,6,2,2,4,1,4,1,4,4,4,2,4,2,4,2,2,4,2,2,1,2,5,4,4,17%,4,4,3,4,4,4,4,4,4,3,3,4,3,4,3,4,0,33.652
R_8kOlyfOYra7loAl,EN-GB,3,19,6,1,4,4,2,3,4,1,4,5,4,3,2,4,3,1,3,2,2,1,1,1,1,5,around 80-90 percent,4,5,5,4,2,4,4,5,4,5,5,5,2,1,2,4,1,61.804
R_2xNnxRmmzZRUUFj,EN-GB,2,32,8,4,4,4,2,4,4,1,4,2,4,4,3,3,3,2,3,2,2,2,2,1,1,1,"9 out of 10 with an error margine, however this can chance for each individual patient",2,4,5,2,2,2,4,1,2,4,4,4,4,2,2,1,1,129.862
R_2yPIZ4yOUWrkNVL,NL,2,18,6,4,1,2,2,2,2,4,3,4,3,5,2,4,3,2,4,3,2,1,4,5,4,3,90%,4,4,5,4,3,4,3,4,2,5,5,5,2,1,5,4,0,41.135
R_8IoTmcAYtEyHApq,EN-GB,2,27,7,3,4,5,4,5,4,2,4,2,4,2,2,2,3,4,1,3,4,3,4,4,5,3,9 out of 10 cases,4,1,5,2,1,3,2,3,2,2,3,5,3,1,3,3,0,91.658
R_8w1Be3qFtruWsqN,EN-GB,2,28,8,3,3,3,2,2,2,2,3,2,2,4,3,4,4,3,3,2,4,2,2,4,4,2,82-98%,2,4,5,3,4,3,3,3,2,3,3,5,2,3,3,2,1,151.904
R_8CI4x7EFzoI7268,DE,2,31,7,3,3,4,4,4,3,4,2,4,3,4,3,4,3,4,4,2,4,2,1,2,2,3,82-98%,4,1,3,3,2,3,2,4,3,4,4,4,2,1,3,3,1,88.145
R_2DnCH962qWwPDhA,NL,1,19,6,4,1,4,2,4,3,4,2,4,3,5,3,4,3,4,4,2,2,2,3,3,3,4,50,4,4,4,4,3,3,3,3,4,4,3,3,3,3,3,3,0,186.476
R_29fv4GK9mHZIgWR,NL,2,18,6,3,4,2,5,1,2,5,4,5,4,5,2,4,2,1,5,5,1,1,2,5,4,4,90%,4,1,5,4,4,2,2,5,2,5,4,5,5,1,4,4,0,73.202
R_2erflFJ7Oyo9CIc,NL,2,18,6,4,2,3,4,4,2,4,4,4,3,4,3,3,4,3,3,3,3,3,4,4,4,4,90,4,2,4,4,2,4,2,4,3,4,4,3,2,1,4,4,1,151.199
R_8v8NsgR4qjUNZap,DE,1,22,3,3,3,4,2,2,2,2,4,4,3,4,4,4,3,3,2,2,3,4,1,4,2,4,82,4,2,4,2,1,3,2,4,4,4,3,5,2,4,3,4,1,144.928
R_8YsjGytue3F3HBX,DE,2,23,3,4,2,4,4,2,2,4,1,4,4,3,4,4,2,4,4,1,3,2,1,5,4,3,90,4,1,4,5,1,4,2,2,4,4,2,5,2,1,3,4,0,67.601
R_8ooovesqcX9JnxG,NL,2,22,6,3,1,1,1,1,1,5,1,4,5,5,3,4,3,2,3,3,2,1,4,4,4,3,80,4,2,3,3,3,3,3,3,2,4,3,4,3,2,2,3,0,31.17
R_2CkFNIHoqUsA0A1,NL,2,24,7,3,3,2,1,2,3,2,4,3,2,5,3,5,2,2,5,3,1,1,1,4,2,2,8,4,5,5,5,2,4,3,3,1,3,4,5,2,1,4,4,1,110.591
R_2VSrYJshpJMmNP3,DE,2,25,7,4,3,4,2,3,4,4,2,4,3,4,2,4,2,4,4,2,1,1,1,5,5,5,90%,4,2,1,5,2,4,1,5,4,5,3,3,2,1,5,4,0,87.416
R_27H9skztnDrNVc0,NL,2,26,8,2,3,4,1,4,4,2,4,3,3,4,4,4,2,1,4,1,1,1,3,4,2,4,83,4,5,5,4,2,4,1,2,3,4,4,4,2,1,3,4,1,33.071
R_8qfe4KOKTqKGVT6,NL,2,30,8,4,1,2,4,3,2,5,1,5,3,4,3,5,1,3,4,3,1,1,2,4,3,4,90%,4,4,3,4,2,5,1,4,4,3,3,5,1,2,4,4,0,30.945
R_8NyZiQT4crliJOA,NL,2,23,7,3,2,2,3,1,2,2,3,2,3,4,3,3,2,2,2,4,2,2,4,2,2,3,80%,2,4,4,2,3,3,2,4,4,2,3,4,4,4,4,3,1,37.682
R_8bWfo4RaWgoYoZe,EN-GB,2,20,6,3,4,4,1,3,3,4,2,4,2,2,4,4,5,4,4,3,4,1,2,5,5,5,90%,4,5,2,5,1,5,2,5,2,3,4,1,2,2,4,5,0,37.247
R_6RFKYYb15PN5ArL,EN-GB,1,23,7,5,5,5,1,5,5,2,4,2,4,5,2,4,1,1,4,2,2,2,1,4,4,2,90% with 8% margin of error,4,4,5,3,4,2,4,4,3,4,4,5,4,3,4,4,1,59.34
R_78OObQQJihMgyj4,EN-GB,1,23,6,3,4,4,2,4,3,2,4,1,5,3,5,4,4,5,2,1,5,4,3,2,5,3,.9,2,5,5,2,4,1,2,4,2,4,2,5,4,3,2,2,0,66.8
R_2zl0WP6BFEv0x9L,NL,2,20,6,4,1,2,4,1,2,4,1,5,2,4,4,4,2,2,4,3,2,2,2,4,2,4,90%,4,1,4,3,2,4,2,3,2,4,3,4,2,1,3,3,1,49.186
R_8U6mKuMTr0kNGli,NL,1,24,6,3,1,4,3,2,3,5,1,4,2,4,4,3,2,2,4,3,3,1,1,4,2,4,82 tot 98 %,4,1,4,4,2,4,2,5,4,4,5,4,2,1,3,2,1,72.788
R_2YhrdyN0f4pgwrA,NL,2,24,7,2,2,4,2,3,2,4,2,4,2,4,3,4,2,4,4,2,3,2,2,5,4,5,90%,4,1,4,4,3,4,3,4,3,4,4,5,3,2,4,4,0,94.138
R_2lQ8WNQJHF0Exd7,DE,1,54,2,1,4,4,2,4,3,2,4,2,3,3,4,3,3,4,3,3,3,2,3,3,4,3,85?,4,4,4,3,3,4,2,3,3,3,4,4,3,1,3,4,0,71.033
R_2NkK7acqudS6Ea7,NL,2,22,6,3,1,4,4,3,2,4,2,4,3,1,3,1,3,4,4,2,3,1,1,3,2,4,90% met afwijking van 8%,4,4,5,4,2,4,1,5,4,4,5,5,2,1,3,4,1,118.86
R_2ki4NICGNSmoPnj,EN-GB,2,23,7,5,4,4,2,4,4,2,5,2,3,3,3,3,3,3,3,3,3,3,4,4,4,3,90%,4,5,4,4,3,3,2,4,4,4,4,5,2,1,4,4,0,122.896
R_8Xck6vRtxZoPYz3,NL,1,23,7,5,5,4,1,4,4,4,4,3,4,5,4,4,3,3,4,5,3,3,1,3,1,3,8,4,1,4,4,3,4,3,2,4,4,4,5,3,1,4,4,1,131.887
R_2VyHXfKf5HIpEcy,DE,2,57,4,1,1,2,3,3,1,4,2,4,2,3,4,3,3,4,3,3,2,2,1,4,4,3,80%,3,3,4,4,2,3,2,3,3,4,3,4,3,3,3,3,0,190.174
R_2PrWR6WmdIilRqV,DE,1,24,6,4,5,5,1,5,5,3,3,2,5,4,3,4,3,3,3,2,3,2,1,4,4,4,90 Prozent,4,2,3,4,3,4,2,4,4,4,3,3,2,1,3,4,0,65.003
R_2CBmCZOJwJr5dKg,NL,3,23,6,2,4,4,2,3,3,3,3,2,4,4,3,4,2,2,4,3,3,3,1,2,1,1,tussen de 82 en 98 procent,3,1,5,3,2,3,3,4,2,4,3,5,4,1,2,2,1,67.65
R_8jEDWoCGM3ILRfP,NL,1,77,5,2,2,4,4,2,4,5,4,5,4,5,3,5,3,2,4,5,3,3,2,4,4,4,90%,5,4,5,5,2,5,2,4,5,5,4,5,3,1,4,5,0,93.165
R_8IWczWyx4koQZGH,NL,2,19,3,2,3,4,5,4,4,4,3,2,4,5,2,4,3,2,3,5,2,2,3,4,4,4,90,4,4,4,4,3,4,4,3,3,4,4,3,4,3,4,4,0,46.947
R_8OJDJONSpCdhMJw,NL,1,50,7,4,4,4,1,4,5,2,4,4,5,3,3,2,3,4,2,4,2,2,1,5,4,4,90% met 8% deviatie ,5,5,2,5,1,5,1,5,5,5,5,5,1,1,5,5,1,100.234
R_8Ld5cksbM0jxlvx,NL,2,52,7,2,1,1,5,1,1,5,1,5,1,4,4,4,4,2,4,5,2,1,1,5,5,5,90%,4,1,2,5,1,5,1,4,4,4,4,5,2,3,3,4,0,96.342
R_2QQxukeqVBzFvl9,EN-GB,1,23,7,5,4,5,4,4,4,1,4,2,5,5,2,4,1,2,3,5,2,1,2,3,1,2,90,4,5,5,4,3,3,2,3,1,4,4,5,3,1,3,4,1,63.381
R_2429R65kBuASaKy,NL,1,22,6,3,1,3,2,3,2,5,1,4,3,3,3,4,2,2,4,4,2,2,4,1,2,3,"rond de 82%
",4,1,4,4,2,4,2,4,4,4,3,5,2,1,3,4,1,39.547
R_275jhxxGofNLNFD,EN-GB,1,26,6,4,4,4,2,4,4,2,4,3,3,5,2,5,2,4,5,4,2,3,1,2,5,1,90,4,2,4,4,2,4,2,1,2,5,4,4,2,1,5,4,0,38.234
R_8fvxge4Mx85BZHQ,EN-GB,2,18,6,3,2,2,2,3,3,4,2,4,3,5,4,5,2,1,4,4,1,1,2,4,4,3,90%,4,4,4,4,4,4,2,3,4,4,4,3,3,1,4,4,0,34.058
R_2JlznNFoZepIVIV,EN-GB,2,25,7,3,1,4,1,3,2,4,1,4,2,4,2,3,4,5,2,2,4,2,2,4,4,2,90%,4,4,4,4,2,3,3,4,2,4,3,4,2,2,3,4,1,54.131
R_2Q4qWTkHdWpPxFE,NL,2,18,6,3,3,3,3,3,3,5,4,4,3,4,4,5,4,3,4,3,2,2,2,4,4,5,"tussen 89 en 98 % vgm
9/10 keer",4,2,4,4,2,4,2,4,3,4,4,4,2,2,3,3,1,113.022
R_2PaEGy2kxaWE5Zq,NL,2,18,6,3,2,3,4,2,3,4,4,4,2,5,3,5,1,2,4,4,2,1,3,4,3,5,99 procent,2,4,5,4,5,2,2,5,3,5,3,5,2,1,3,3,1,31.284
R_2MmtL9Ixrvl6KA1,DE,2,21,3,4,1,4,5,3,2,4,3,2,4,2,5,3,4,5,4,1,5,3,2,4,4,5,90%,4,2,5,3,2,4,2,4,2,5,5,4,2,1,4,4,0,38.534
R_2QYFJQtOoW2KUAr,NL,2,64,6,1,2,4,5,4,4,4,2,4,2,5,5,4,4,5,2,2,3,3,4,2,4,4,Om en om 90 procent,4,1,5,4,1,4,2,4,2,4,4,4,2,1,3,4,1,155.544
R_2gmHFklmAppavoB,NL,2,86,2,1,4,4,5,4,4,4,5,5,4,5,5,4,4,5,4,2,2,3,4,4,4,5,9o,4,5,5,4,1,4,3,4,3,4,4,4,3,1,4,5,0,146.519
R_2gpHGmcPMpGHiaR,EN-GB,2,20,3,3,2,2,1,2,2,2,2,4,3,3,3,3,4,4,3,2,4,4,2,2,4,4,between 83 % and 98 %,2,4,4,2,4,2,4,3,2,2,2,4,4,4,3,2,1,93.244
R_2wAojfIrurAAmKo,NL,2,24,7,2,1,3,4,2,2,4,1,5,2,4,3,3,3,5,2,4,4,5,1,5,5,5,"90% is accuraat, gebaseerd op eerder gegevens en diagnoses van eerdere patiënten.",4,1,3,5,1,4,2,5,4,4,5,4,3,1,4,4,0,53.346
R_2bD8XzKm2hIgiI1,NL,2,20,7,5,1,1,4,1,1,5,1,1,1,4,3,4,4,2,4,4,3,1,4,4,3,4,70,4,3,3,3,4,4,3,4,3,4,3,3,3,4,4,3,1,61.466
R_8Ei1ylHojlMaxxz,EN-GB,2,30,6,3,2,2,2,2,2,2,2,3,2,4,3,4,3,2,4,4,2,2,4,3,3,3,30%,4,3,3,3,3,3,3,3,3,4,3,3,3,3,3,3,0,75.449
R_57wlKWpDyHKiLEy,EN-GB,1,29,3,3,4,4,1,4,2,2,4,2,2,2,4,2,4,5,2,1,4,4,1,4,1,4,"90%, but actually between 82% and 98%.",4,5,5,3,2,3,2,4,3,5,4,5,2,1,2,2,1,91.205
R_8o4c2kvRIcHiCVb,DE,1,40,3,1,5,5,1,5,5,1,5,4,5,5,2,4,3,2,5,4,1,1,1,4,5,5,90%,4,1,2,4,2,3,2,4,4,4,3,4,2,1,3,4,0,119.247
R_8TUbmrCSkFiJtSZ,NL,1,20,3,4,2,4,3,4,3,4,2,4,5,2,4,4,3,4,4,5,2,3,2,4,2,4,als laag als 82%,4,1,4,4,2,3,2,4,4,2,3,4,2,1,4,4,1,43.982
R_2eqbAQpw7IP7ffl,NL,1,18,6,4,2,3,1,3,2,4,2,3,3,4,3,4,3,3,4,2,1,3,4,3,5,3,90%,4,2,5,4,2,4,2,4,4,4,3,5,4,3,3,3,0,34.245
R_2eq4jFtQx1bTpFD,NL,2,22,6,4,2,2,4,2,2,5,2,5,2,5,3,4,3,2,3,4,1,2,4,4,2,4,90%,4,1,4,3,4,3,3,3,4,4,4,5,4,1,5,4,0,31.479
R_8ILbhUPju2HXZSV,NL,2,20,6,3,2,1,4,1,2,4,3,4,2,4,3,4,3,3,4,4,2,2,2,1,1,3,82% tot 98% ,1,1,4,2,4,2,4,2,2,4,2,5,4,1,3,2,1,77.019
R_2HzZ1NmhOQL2V1f,NL,2,24,7,2,1,1,4,1,1,2,1,5,2,5,2,4,3,2,4,3,1,1,1,5,5,3,90,4,1,5,4,4,3,2,2,1,5,5,5,2,1,2,4,0,66.429
R_4ZXfpHAD3uviIsV,EN-GB,1,20,5,3,3,3,4,3,2,4,5,2,4,4,2,3,2,2,2,2,2,4,2,2,1,5,82-98,4,5,5,4,1,4,4,5,4,1,2,3,4,2,3,3,1,58.176
R_20JdsTSrAMeS5Kq,NL,1,29,6,4,2,4,2,2,4,4,4,4,4,4,2,4,1,5,5,5,3,1,2,3,5,4,Redelijk betrouwbaar,4,4,4,5,2,5,1,2,4,5,5,5,4,1,4,4,0,42.0
R_2MRtb7kAYovqQzR,NL,2,19,6,1,1,1,3,1,1,5,1,3,4,5,3,5,1,2,4,3,1,1,4,5,5,3,90%,4,1,3,4,2,3,2,4,4,5,4,5,3,1,3,3,0,68.497
R_2ZVwU7AXfy9OjPG,NL,2,27,7,5,1,4,4,4,4,4,2,4,4,4,3,3,3,3,3,2,3,3,3,3,3,3,82,3,3,4,4,3,3,3,3,4,3,3,3,3,3,4,3,1,35.043
R_2dsiDQxoJU79DzN,NL,1,24,6,4,5,5,3,5,5,2,5,2,5,4,3,4,4,3,3,4,2,1,1,5,5,4,90%,4,5,4,4,4,4,2,1,4,2,4,5,3,1,4,4,0,61.784
R_8HucYyXkSqS1xlX,NL,1,23,6,2,1,2,4,2,3,5,4,5,5,3,3,5,3,2,5,4,2,3,1,4,1,3,"90%, erg betrouwbaar. Het wordt vooral als hulpmiddel gepromoot, met dan een voorbeeld waarin de arts gereduceerd wordt tot intoetspersoon. ",4,4,5,4,2,4,1,2,4,3,2,5,2,1,4,5,0,84.601
R_2qUiyx1wLZ7lHQN,NL,1,31,7,4,2,2,2,3,2,4,3,4,2,4,3,4,3,3,3,2,3,2,1,4,4,3,90 +/- 8%,4,2,4,4,3,3,2,2,4,4,4,5,4,1,3,3,1,106.555
R_2hilKLYFRJkZDWj,NL,2,26,8,3,1,2,2,2,2,4,1,4,2,5,2,4,2,1,5,4,2,1,1,4,4,4,90 procent(82 tot 98,1,4,5,4,2,3,4,4,2,4,4,5,2,1,4,3,1,59.992
R_8qjWFXBE2HrXdXF,NL,2,21,6,3,2,3,2,3,2,4,2,4,2,4,3,3,3,4,3,3,3,2,2,5,5,5,90%,4,1,5,4,3,4,2,5,4,4,3,5,3,1,4,4,0,62.64
R_2iD1IQ749fvbxMU,NL,2,21,6,2,2,2,4,2,1,4,1,4,1,2,5,1,5,5,2,1,4,3,2,4,2,3,99%,1,2,5,2,2,1,4,4,1,2,2,5,4,2,2,2,1,31.7
R_2CcuTqHt2UZQBs5,EN-GB,2,20,6,2,3,2,2,3,3,3,2,2,2,2,2,4,3,2,3,4,3,2,4,3,3,3,?,3,3,3,3,3,3,3,3,3,3,3,3,3,3,3,3,0,94.99
R_82GlOejq7LW30dp,NL,2,20,6,2,1,1,4,2,1,4,2,4,1,4,4,4,3,2,4,1,2,2,3,5,4,4,90,4,1,3,4,1,1,1,5,3,3,4,4,1,1,4,4,0,68.001
R_2OJXka0OnyPiqgK,NL,1,20,3,4,2,4,2,3,2,4,4,3,3,5,2,4,3,2,4,4,2,1,2,5,5,4,90 procent,4,4,4,4,2,4,2,5,3,4,4,3,2,1,4,4,0,59.073
R_8OePZceH7Dd8Yfc,NL,2,24,7,4,1,1,4,1,1,5,1,5,1,5,2,4,1,4,4,2,1,1,1,2,5,5,82-98%,4,1,4,4,2,4,2,5,4,4,4,2,2,1,4,4,1,61.055
R_8QtqiHRQDnVkiD4,NL,2,19,6,3,1,2,1,2,2,5,2,5,3,4,4,5,2,2,4,3,1,2,2,4,1,2,82 tot 98 procent van de gevallen accuraat ,4,1,5,4,3,3,2,4,2,2,3,5,3,1,3,3,1,104.004
R_81jSW6MyDMcWXnC,NL,2,20,6,3,3,3,3,3,4,4,2,3,2,3,4,3,2,2,4,3,2,3,3,2,4,3,82%,3,2,3,3,2,4,3,3,4,4,2,3,4,3,3,4,1,382.767
R_8vNADd6ktY6sxnX,NL,2,26,8,3,1,3,3,2,4,4,2,4,3,4,3,4,3,2,3,2,2,1,1,4,2,3,90%,4,1,5,4,1,3,2,5,3,4,4,5,2,1,3,4,0,69.374
R_805XBK1W9UdE95G,NL,2,18,6,5,1,3,1,1,1,4,1,5,2,4,3,3,2,3,3,4,3,1,2,3,2,4,82-90,3,2,5,2,4,2,2,4,2,3,2,4,2,1,2,2,1,40.855
R_2hzPZ6vAVU3apkR,NL,2,22,6,1,1,1,2,1,2,4,1,3,1,5,4,5,5,4,3,1,5,1,4,4,5,1,90%,1,3,5,1,4,1,5,1,1,1,2,5,1,1,1,1,0,59.003
R_2tKY1AMnxSSMAGj,NL,1,20,6,4,2,4,4,3,3,4,3,3,3,4,3,4,2,2,4,4,2,2,4,3,2,2,82-98 procent,3,4,4,4,3,3,2,3,3,4,3,4,3,2,4,3,1,70.455
R_84B3vEhQ8MiLDYK,NL,1,20,6,3,2,3,3,3,2,2,4,3,4,4,4,4,3,4,4,4,3,3,1,5,5,5,90%,4,2,4,4,2,4,2,3,2,4,3,4,3,1,3,4,0,91.412
R_8Fo4q4sTv4IyW0V,NL,1,68,7,2,4,5,3,4,5,4,5,2,3,4,4,4,4,3,4,2,3,2,1,4,4,4,Groot,4,5,5,5,1,5,1,5,4,5,5,5,1,1,5,5,0,133.383
R_2AGTPy5nyPFyOBQ,NL,2,67,2,1,3,3,3,3,3,2,3,3,3,1,2,2,2,2,4,2,2,4,2,3,4,4,Groot,1,3,1,1,3,1,3,2,2,2,2,3,1,3,3,2,1,87.947
R_2RwmLChGbTFDly0,DE,2,37,7,2,2,2,4,3,2,3,2,3,2,4,4,3,3,4,3,3,2,2,1,5,4,3,88,4,4,3,4,2,4,2,4,3,4,4,4,3,1,4,4,0,71.466
R_2aXZnuwugaIAoQV,NL,2,18,6,1,3,5,2,4,4,3,4,2,4,5,5,4,4,4,2,4,2,3,2,4,4,4,90,4,4,5,4,2,1,2,4,2,4,1,5,3,1,3,4,1,135.052
R_2P2riP8kcIYg7jr,NL,2,19,6,2,1,3,5,2,1,5,2,4,2,4,3,4,3,2,4,4,1,1,2,5,4,5,90%,5,4,4,4,2,4,2,3,4,5,4,4,1,2,3,4,0,56.53
R_8LYaKM3pN1AAXQ8,DE,2,26,6,4,1,2,4,2,1,4,1,2,1,2,5,4,2,4,3,2,4,1,2,2,4,4,80-90 prozent,4,4,4,4,2,3,2,4,4,2,3,5,2,1,4,4,1,42.762
R_8UWn2zkciIrB52j,EN-GB,2,20,6,3,1,2,4,1,2,4,2,5,4,4,3,4,3,4,3,2,3,3,2,4,4,4,I think it was 90 percent accuracy. ,3,2,4,3,3,3,2,4,3,2,3,5,3,1,3,3,0,88.383
R_2rTUODDxSwX7hkY,NL,1,19,6,4,2,3,3,2,1,4,2,4,4,5,2,4,2,2,4,2,1,1,4,2,2,3,90%,2,2,4,2,4,2,3,1,2,4,3,5,2,1,3,3,1,111.468
R_21KMpz2cAxEtcuC,NL,2,23,6,2,2,4,4,2,4,4,2,4,3,4,4,4,3,4,2,3,3,3,2,3,3,1,65,2,1,5,2,3,2,3,2,2,3,1,4,4,2,4,2,0,54.967
R_8mQ0WhVCK3xzmrg,NL,2,19,3,3,2,3,2,3,2,5,2,4,4,5,2,4,2,3,4,4,1,1,1,4,5,4,"90%, maar met afwijking van 8%. Dus tussen de 82% en 98%",2,3,4,2,4,2,4,4,2,3,2,4,4,3,2,2,1,69.319
R_2O1U9m2BgJUMH1v,NL,1,22,3,2,2,2,4,2,4,4,2,4,4,4,2,4,2,4,3,4,1,2,3,2,4,3,Geen idee,3,1,1,3,4,4,2,3,3,4,4,4,3,3,3,3,0,31.298
R_8ilGIssm41enpO9,NL,2,20,6,3,2,4,3,5,3,3,4,2,3,4,4,4,2,3,4,3,3,2,4,4,4,5,83-95%,5,1,4,5,2,5,3,5,4,4,4,5,2,1,3,4,1,69.122
R_2IddsKQXELGoCCh,NL,1,24,7,5,4,5,2,5,4,2,4,4,5,4,4,4,2,5,4,2,2,2,2,2,4,2,Tussen de 82% en 93% nauwkeurig. ,4,2,5,4,2,4,2,4,2,2,5,5,2,2,4,5,1,60.981
R_2l3ucy8BOf8tpna,NL,2,24,6,2,2,4,2,3,4,4,3,4,4,4,4,4,4,4,2,2,1,1,1,5,5,3,90%,2,1,5,4,2,4,2,4,2,1,4,5,2,1,4,3,0,93.683
R_8U0eE4BxSNcjr0t,NL,1,22,6,4,3,3,2,2,2,2,2,3,3,4,3,4,2,2,5,4,2,2,2,5,3,5,82 tot 98%,4,4,4,4,3,4,4,3,5,4,3,3,4,3,3,4,1,91.004
R_2gBBqkfY74NgcAN,NL,1,21,6,2,2,2,4,3,4,4,1,2,4,4,4,4,3,4,3,1,3,1,1,2,5,4,90 procent,2,1,2,5,1,5,4,5,4,5,5,3,1,1,4,5,0,102.912
R_2eeQqmQK16UdjUi,NL,2,20,6,3,1,4,4,2,3,4,4,2,4,4,4,4,2,3,4,4,1,4,4,4,4,3,90,4,1,4,4,1,4,2,3,4,5,4,5,4,1,4,4,1,80.825
R_8G50LNE5qhFas8h,NL,2,24,7,4,4,4,4,4,4,2,4,2,4,5,3,4,3,4,4,3,2,3,1,5,4,4,90,4,5,5,4,2,4,2,2,2,4,4,5,2,1,4,4,0,38.618
R_8bZXnkx131pzT1e,EN-GB,1,22,3,3,2,4,4,3,3,2,4,2,4,4,4,4,3,3,2,3,4,3,4,4,5,4,82-98%,5,2,5,4,2,3,3,4,2,4,3,4,2,1,3,4,1,658.844
R_2YsqjsrtFb9VCjT,NL,1,20,6,3,2,4,2,3,3,3,3,5,4,4,4,3,3,2,4,4,2,2,4,4,3,4,redelijk nauwkeurig ,4,1,4,4,2,4,2,3,4,3,2,4,3,1,3,4,0,31.922
R_8UbIQPzcB6clyHh,NL,1,23,7,5,5,5,1,5,5,2,5,2,5,5,4,4,2,2,4,4,1,3,1,5,4,2,90%,4,4,5,2,2,4,1,1,2,4,4,5,4,1,4,2,0,66.488
R_8JFRuQsbzowu5Sp,NL,2,21,6,1,2,2,4,3,2,4,4,2,3,2,2,2,4,5,4,3,3,3,2,4,4,5,De MDSS is in 90% van de gevallen accuraat met de analyse met een afwijking van ongeveer 8%,2,4,5,2,4,1,3,4,2,4,4,5,5,1,1,3,1,77.71
R_8KhnGSiQHFSTC2R,DE,2,25,6,4,1,2,4,1,2,5,2,5,2,5,2,5,2,3,4,4,2,1,2,4,5,5,Zwischen 86 und 98% ,4,4,3,4,1,4,2,4,4,5,4,4,1,1,4,4,1,81.002
R_2YWmjF1NiORNjtj,EN-GB,1,25,6,4,4,4,4,5,4,2,4,4,5,4,4,3,3,2,3,4,3,2,1,4,4,3,90%,4,5,5,4,2,3,2,4,4,5,4,4,2,1,3,4,0,31.171
R_839wXEmzHaSqhzz,NL,2,22,3,3,1,1,1,1,1,5,2,5,1,3,2,4,2,4,3,3,1,1,1,5,3,4,90%,4,3,4,5,1,4,1,4,3,5,4,5,2,1,3,4,0,83.581
R_8U3YxANHaY01x7C,EN-GB,2,20,6,5,4,4,2,4,4,2,3,2,5,4,4,5,4,5,4,2,4,3,1,4,5,2,90%,4,5,4,4,4,2,2,2,2,5,4,5,4,2,4,4,1,39.881
R_2z5KV6OFBN9khvX,NL,2,19,6,2,2,3,2,3,4,2,2,2,3,4,4,3,3,4,3,2,3,2,2,2,2,3,90 %,2,3,2,4,3,2,2,3,2,2,3,2,3,2,3,2,0,33.486
R_8ty4VAmO51faHTv,NL,1,36,6,1,3,4,4,3,3,4,3,4,3,5,2,4,3,2,4,3,2,2,1,4,4,4,90,4,4,5,4,2,4,2,4,4,5,4,4,3,1,3,4,1,350.196
R_8s8iT1FyJ7rxt0l,NL,2,18,6,4,1,2,2,3,1,5,2,5,4,4,4,4,5,3,4,4,2,2,3,5,5,3,90%,4,1,3,4,2,4,3,4,4,4,4,4,3,1,4,4,0,56.226
R_839q0g2jbUaImBD,NL,2,19,6,4,1,2,3,2,2,5,1,4,2,5,4,4,2,3,4,4,2,2,3,4,3,4,90 procent (+-8),4,1,3,4,2,4,2,3,3,4,4,5,2,1,4,4,1,35.04
R_2zTHdjjfF9mvthy,NL,2,22,6,5,2,3,2,4,3,5,2,5,3,4,3,4,3,4,4,2,1,1,1,4,4,4,90%,4,3,4,5,4,4,2,3,3,4,5,4,2,1,3,4,1,35.814
R_8jeUVve9b0Le8dF,NL,2,21,6,3,1,4,3,2,1,5,2,4,4,4,2,4,2,2,4,4,2,1,2,4,4,4,82 tot 94 procent dacht ik,4,2,4,4,3,4,2,5,4,3,2,4,3,1,4,3,1,101.067
R_22fpz5OtBH4nFem,NL,2,20,6,3,3,3,3,3,3,3,3,3,3,4,4,4,4,4,4,4,4,4,4,5,4,4,90%,3,3,3,3,3,3,3,3,3,3,3,3,3,3,3,3,0,71.711
R_2NQfgkTOkKZrjf9,DE,2,20,6,4,3,3,2,3,2,4,4,4,4,2,4,4,4,2,4,2,3,2,3,4,4,4,90%,4,1,4,2,3,3,2,4,2,4,4,5,3,1,3,3,0,51.288
R_2PfKNpTgVmdcI81,NL,2,20,3,3,2,3,2,4,4,4,4,4,3,4,3,3,3,4,3,3,3,2,1,4,4,5,90%,4,1,5,3,3,3,3,4,2,5,3,5,3,1,3,3,1,133.834
R_9EncZJbpCBpaiWi,EN-GB,2,24,8,4,4,5,2,4,4,3,5,4,3,4,5,3,2,3,2,1,3,4,1,5,4,5,90%,4,3,5,5,2,3,3,5,5,5,5,5,2,3,3,3,0,114.657
R_2AvKzCoMycWhxJf,NL,2,18,6,2,1,1,1,1,1,4,2,4,1,4,4,4,4,5,4,3,3,2,4,4,4,5,90,4,2,5,4,3,3,3,4,2,2,4,5,4,1,3,3,1,183.57
R_8zl8vkjoqmFqkiJ,NL,2,19,3,3,3,2,2,4,2,2,3,4,3,4,3,3,2,3,4,3,4,3,3,3,3,3,40,3,4,4,2,3,2,4,4,2,3,2,2,3,4,3,3,1,30.781
R_2Ca8BwckOYjX8JQ,NL,2,21,3,3,4,4,4,4,4,4,4,4,4,4,5,4,4,4,4,4,4,4,1,4,4,3,9/10,3,4,3,4,3,4,4,4,4,4,3,3,4,4,4,4,0,41.682
R_2rHrwixvcu5RFTP,NL,2,19,6,4,2,4,4,3,2,4,2,2,4,4,2,4,2,3,2,2,2,2,4,4,4,3,90% van de diagnoses zijn accuraat,4,1,5,4,4,3,4,2,2,3,2,4,3,1,3,3,0,79.771
R_8qagFs56vZNmkxD,EN-GB,2,20,3,3,3,4,3,3,3,4,3,4,4,5,4,4,2,2,4,2,2,1,1,4,4,4,90,4,3,4,4,2,3,2,4,3,4,4,4,2,1,3,3,0,32.918
R_2Vm4M1bwKkUa0sT,EN-GB,1,20,6,3,3,4,4,4,3,4,5,4,4,5,3,4,3,4,4,4,4,3,1,4,4,3,82%-98%,4,3,5,4,3,3,4,5,2,4,4,5,4,3,3,4,1,212.78
R_2jj33wfrHOE1hzz,EN-GB,1,20,6,2,3,4,3,4,4,2,4,3,4,4,3,4,5,4,4,1,4,1,2,2,4,3,90%,4,3,4,4,2,2,3,4,3,4,3,4,4,3,2,3,0,35.748
R_2F3UNwiXNkx6yhv,NL,2,22,6,3,1,1,1,1,1,4,1,4,2,4,5,3,2,4,2,2,4,3,1,1,1,4,Tussen de 82 en 98 procent,2,2,5,2,2,3,2,4,1,4,3,5,4,1,2,1,1,52.944
R_8aVEUe0Tc7OmYvf,NL,2,60,7,2,3,3,4,2,3,4,4,4,3,4,3,4,4,4,3,2,4,3,1,2,2,3,82-98%,4,3,3,4,2,4,1,5,4,5,4,5,2,3,2,4,1,69.047
R_27IiiqthjvjvDWN,NL,2,19,6,3,1,2,1,2,3,5,4,4,4,5,4,5,3,3,4,2,3,3,5,5,5,3,90%,1,2,5,2,4,1,3,4,1,3,2,5,4,1,2,2,0,48.401
R_8K8Pu9ikJ31mLwx,NL,1,18,6,2,1,2,4,1,2,5,1,4,1,4,2,4,4,3,4,4,1,2,1,4,3,4,"90 procent, maar eigenlijk 82 tot 96",4,4,4,3,2,3,2,4,3,4,3,4,3,3,4,3,1,70.27
R_2VmOO7V3SK8NizR,EN-GB,2,18,6,2,2,3,5,3,2,5,4,5,3,3,2,3,4,4,3,1,3,3,4,5,3,5,90%,4,2,4,3,4,3,2,4,3,4,2,4,4,1,3,3,0,118.624
R_8r7bA3ZDpqhMdyH,NL,2,21,6,3,3,2,4,2,3,5,3,4,2,3,4,3,4,5,4,2,3,3,2,4,4,4,de aanbevelingen kloppen 90 procent van de tijd maar of de aanbevelingen ook werken staat niet besproken. Hierdoor is hij niet heel betrouwbaar en nauwkeurig,4,2,5,3,2,2,3,3,1,3,3,5,3,2,2,2,0,71.343
R_26OVlQad6yjt0LD,DE,1,19,6,4,4,4,3,4,3,3,4,2,5,3,3,2,4,3,2,3,3,2,2,5,4,2,90%,2,4,3,2,3,2,3,2,1,3,3,4,4,1,3,3,1,55.22
R_2Quk7uogUim848l,DE,1,19,6,4,3,4,3,3,3,2,3,3,3,3,4,3,3,3,3,2,3,3,2,4,4,2,Etwa 90%,3,4,3,3,2,3,3,4,3,3,3,2,4,3,4,2,1,31.367
R_2nkZy9tseMdquwZ,NL,1,19,6,4,4,4,2,3,4,2,5,4,4,4,4,4,2,1,4,5,2,1,4,4,5,3,90%,4,2,4,4,1,4,2,5,3,4,3,5,2,1,4,4,0,44.862
R_8Vd82WrTkQTh6U1,EN-GB,1,22,6,5,2,4,3,3,1,2,2,3,4,4,3,3,2,3,2,2,4,1,2,4,4,4,90%,4,5,5,4,2,2,3,4,1,2,4,5,2,1,2,2,0,127.985
R_8xnuotirfKv6jVT,NL,2,19,3,4,1,2,2,2,1,5,2,4,3,4,3,4,3,4,4,4,2,2,4,3,4,4,82 tot 98 procent,3,2,4,3,4,3,2,4,3,4,4,5,4,1,2,3,1,56.254
R_2XiEWgagx7KDUI1,NL,2,21,6,3,2,2,4,2,3,3,4,4,2,4,3,4,4,3,3,3,2,2,2,4,4,4,82 tot 98 procent,4,3,4,4,2,3,2,4,4,4,4,5,3,1,4,3,1,68.235
R_2QSpKt2PmLNLHal,EN-GB,2,22,6,3,3,4,4,3,4,3,4,3,3,4,3,3,3,4,3,4,4,2,1,4,3,4,90%,4,3,4,3,2,3,2,3,2,5,3,4,3,1,3,4,0,172.59
R_8goShOw7CGV6R9u,EN-GB,1,22,6,3,3,4,2,3,3,3,4,2,4,3,3,4,3,2,4,2,4,4,3,4,3,4,?,3,3,2,2,3,4,4,4,2,4,2,2,2,3,3,3,0,189.901
R_8B8KmUsBk8PzHxe,DE,2,19,6,3,2,3,3,3,2,2,3,4,3,3,3,3,3,2,3,3,2,2,3,4,3,3,89%,4,4,4,3,2,3,2,4,3,4,3,4,2,1,3,3,1,139.066
R_8JKKKNYXNZ7ojUN,NL,2,18,3,4,1,3,3,2,1,5,2,5,5,4,3,5,2,1,4,4,1,2,3,3,5,5,8 van de 10 keer,5,1,4,4,4,4,3,2,5,5,5,5,2,1,4,4,0,32.138
R_2CVcPVX7D9w9syd,NL,2,21,6,4,4,5,2,3,4,1,4,2,5,4,3,4,2,2,4,4,1,1,1,4,2,4,Ongeveer 90%,4,4,4,4,2,4,2,4,3,4,4,4,2,1,4,4,1,43.53
R_2MYwCJj8UeVwXl2,NL,1,20,3,2,3,4,2,3,1,4,4,4,2,5,4,4,3,4,5,2,4,5,4,5,1,2,rond de 90%,4,3,5,4,1,4,4,2,3,4,4,5,2,1,5,4,0,61.985
R_8aX0kEUheIUy7zb,NL,2,19,3,3,1,1,1,2,1,5,1,4,2,4,3,4,4,5,2,4,4,4,1,3,4,3,80,3,1,4,4,2,3,2,1,4,4,1,5,4,1,4,4,1,31.991
R_2hxNwGaOBInUF3n,NL,1,19,3,4,3,5,4,5,4,2,4,4,3,4,2,5,3,4,4,4,2,1,4,3,4,2,Zeer nauwkeurig,4,1,5,3,4,2,3,2,4,4,3,5,2,1,4,3,0,33.428
R_22SobxDAK1kSvCj,NL,1,22,6,3,3,2,2,3,3,3,2,2,2,3,2,4,2,3,2,4,3,3,3,2,3,3,"60%
",3,2,3,4,3,4,4,3,3,3,2,2,4,5,3,2,1,65.36
R_25TJgm06bzc9w6p,NL,1,19,6,4,2,3,2,2,2,4,2,4,4,5,2,5,2,2,5,5,1,2,3,5,5,5,90%,4,2,4,4,2,4,2,3,3,4,4,4,3,1,4,4,0,65.594
R_2e8z2SV60fIdsVD,NL,2,19,6,2,3,5,1,4,3,5,4,4,4,5,2,4,3,4,4,3,2,2,4,4,4,4,"90% met een foutmarge van 8%, dus de betrouwbaarheid zit tussen de 82% en 98%.",4,1,4,3,3,3,2,4,3,4,3,5,2,1,3,3,1,64.068
R_2V7ORgcCfGw7yOq,NL,1,19,3,3,4,4,2,4,3,3,5,3,4,4,2,4,2,3,4,4,2,2,4,3,3,4,Weet ik niet meer best hoog,4,4,4,5,2,4,2,4,5,4,4,4,2,1,4,4,0,47.984
R_2ovGj22vKzmU4wn,NL,1,22,6,2,1,2,4,2,1,4,1,4,2,4,3,4,2,3,4,2,3,4,4,4,3,4,92%,4,4,2,4,2,4,2,4,4,4,4,2,2,3,4,4,1,35.734
R_2QfecGBIX918Tg3,NL,2,18,6,3,2,2,2,3,2,4,2,4,3,5,3,4,3,2,4,2,3,3,4,3,2,4,90%,2,1,4,2,3,2,3,2,2,4,2,1,3,1,3,2,0,46.071
R_8mb14O9zYlW1XLU,EN-GB,2,19,3,4,2,4,3,4,4,5,2,4,3,2,4,2,3,4,2,2,3,3,4,3,5,2,90%,2,1,4,1,3,2,3,4,3,4,2,4,3,1,2,1,1,36.12
R_2jLPEXLTlW4dxnz,NL,2,18,6,4,4,4,4,3,4,4,4,4,5,5,2,4,4,3,4,4,3,3,4,4,3,5,92% met een plus minus van 8%,5,3,5,5,2,4,1,4,4,5,4,5,2,2,5,4,1,50.224
R_2Bge5vZKffE8Szv,NL,2,22,6,4,2,3,2,3,2,2,4,3,4,4,2,4,3,2,3,4,1,3,2,5,5,4,90,2,1,4,3,2,3,1,3,3,2,4,4,2,1,3,3,0,40.788
R_8lMPS7SOZsxbmGP,EN-GB,2,20,6,4,2,4,3,3,2,3,3,3,4,1,3,2,4,4,2,3,2,4,5,3,2,3,I don’t know ,3,4,3,3,2,4,3,2,4,3,2,3,2,3,3,3,0,31.872
R_2Pm4q9q4mufnTA5,EN-GB,2,21,6,3,4,4,2,3,4,2,4,2,4,4,4,2,3,4,3,2,3,4,4,4,4,4,90,4,2,4,3,4,2,3,4,2,4,2,3,4,1,3,2,1,181.861
R_85Leu1Mnkplgjfh,NL,2,18,6,4,2,4,4,3,2,5,3,5,4,4,3,4,2,4,4,4,2,2,3,4,4,4,"Best betrouwbaar, gaat om 90% van de 100% gevallen",4,2,5,4,3,4,2,2,3,3,3,5,4,1,3,4,0,35.095
R_8I5MprjhcRZWV7Z,NL,2,21,3,3,5,4,2,4,5,1,5,5,3,4,3,2,4,4,2,4,3,4,4,3,4,4,90 procent,2,4,4,4,4,2,4,3,3,4,2,5,5,2,2,4,0,489.02
R_2Nn0fnSxpNxQCE9,NL,2,18,6,4,3,2,1,3,4,4,3,4,4,4,3,4,2,3,3,4,2,2,4,3,4,4,tussen 82 en 98 procent,4,2,4,4,2,3,2,4,2,4,3,5,3,1,4,3,1,937.005
R_2CNGhD0xkn7oblW,NL,2,25,6,2,1,1,4,1,1,5,1,2,2,3,3,4,3,4,3,2,3,3,1,4,2,1,82 tot 98 %,2,1,5,3,2,3,2,4,2,4,3,5,4,1,3,2,1,68.875
R_8SraSX5rayBiIHW,NL,2,20,6,2,1,2,4,2,1,5,1,5,3,5,2,4,2,3,4,2,3,1,4,5,3,3,90,4,1,5,3,2,2,2,4,2,4,2,4,2,1,4,2,0,443.252
R_8oGVemV8ExUCKx7,NL,2,20,2,3,1,2,2,2,1,5,2,4,4,5,4,4,2,2,4,4,2,1,4,4,2,1,90,2,1,5,3,4,2,4,1,2,4,2,5,4,1,4,2,1,41.692
R_8EutUbyHMrrDHL5,NL,1,18,6,2,3,4,1,4,3,5,4,3,4,5,2,5,1,2,5,4,3,2,1,5,4,3,90%,4,1,5,3,4,1,3,2,3,4,2,4,4,1,2,3,0,128.533
R_2FmHV0TKTeGmAPI,NL,2,25,6,4,2,2,4,2,2,5,2,4,3,2,4,3,4,5,4,2,3,1,1,5,5,5,90%,4,3,2,4,2,4,2,4,4,4,4,5,3,1,4,4,1,49.854
R_2sJm8Uq8JbwaUcV,NL,1,21,6,4,4,2,4,4,2,4,4,2,2,5,3,4,2,2,4,5,2,3,4,3,4,4,best betrouwbaar en nauwkeurig,4,1,5,3,4,3,3,4,2,4,4,5,2,1,4,2,0,34.536
R_2FJTrXLXSgiUUSd,NL,1,18,6,3,1,4,2,3,2,5,4,4,4,5,3,4,2,2,3,4,3,3,2,4,4,3,80%,4,1,4,2,2,2,2,3,2,4,4,4,2,1,4,3,1,77.146
R_8ZPwLIlXmb2KYX7,EN-GB,2,19,3,3,2,2,2,2,2,4,2,2,2,3,3,3,4,4,3,3,4,3,3,1,3,5,90%,3,1,4,4,4,2,3,2,2,3,3,4,4,1,2,2,0,37.541
R_8IhOfHvfuAAJlnH,EN-GB,2,20,6,2,2,2,4,2,2,5,2,4,2,2,4,2,4,4,2,2,4,3,2,4,4,2,90%,2,1,5,2,4,2,4,4,2,2,2,4,4,1,2,1,0,82.134
R_8TLSdrMlbwEFy8C,NL,1,22,6,4,4,4,4,2,2,4,2,4,2,4,3,4,2,4,4,4,3,2,1,4,4,4,82-98 procent,5,2,5,4,2,4,2,5,5,5,4,5,2,1,5,4,1,98.673
R_2kMo2wOa1kEKRHO,EN-GB,3,18,6,2,4,1,2,2,1,5,1,4,1,4,4,3,3,4,2,1,3,2,4,2,4,3,90% with +/-8% error chance,4,1,5,3,2,2,4,5,2,1,2,5,4,1,2,2,1,87.948
R_8bTQxsbSKYZGK6o,NL,2,19,6,4,2,2,2,3,2,3,2,3,4,4,3,4,3,3,3,4,3,2,3,3,3,3,Niet heel betrouwbaar,2,2,5,3,3,2,3,3,2,3,1,4,3,2,3,2,0,47.088
R_2dhNGlouIVA5lbo,NL,2,19,6,3,2,3,3,2,2,4,3,3,4,4,4,4,2,2,4,4,1,2,4,3,2,4,-,4,1,3,4,3,4,2,4,3,4,4,4,3,1,4,4,1,55.043
R_2YbNaIL5OuN3rAR,NL,2,19,6,4,2,2,2,2,2,3,2,3,4,4,4,4,3,3,3,2,3,3,4,4,4,2,90%,2,3,4,2,4,2,4,2,2,3,3,4,2,1,3,2,0,48.29
R_2QFZVQBTTNiStg9,DE,1,23,7,5,3,4,2,3,2,4,2,4,4,3,4,4,3,4,3,4,2,3,2,3,1,4,90,4,4,3,4,2,4,2,4,4,4,4,4,4,1,3,4,1,39.777
R_2OILNbWnOArzeAv,NL,1,24,7,1,5,4,3,4,5,1,4,2,4,4,4,4,3,4,4,2,3,1,2,4,3,4,90%,2,1,5,3,4,1,3,4,1,4,3,5,4,1,2,3,0,60.699
R_8foMbyaXem2aOis,NL,1,24,7,5,4,5,4,5,4,2,4,4,5,5,2,5,2,2,5,5,2,1,1,2,1,3,90%,4,5,5,4,4,4,2,1,4,4,4,5,4,2,4,4,1,76.7
R_2nsO3CsGJf8wty1,NL,1,24,7,4,4,4,2,4,4,2,4,2,4,4,2,4,2,3,4,4,3,4,1,4,4,4,90%,4,4,5,4,2,4,4,4,3,5,4,5,2,4,4,4,0,33.101
R_2rvIDbc2k74p9bA,EN-GB,2,25,6,3,2,4,5,3,2,1,4,4,4,2,4,4,5,5,3,1,4,3,2,2,5,4,80%,4,2,4,4,2,4,3,2,2,4,3,2,2,1,4,4,1,69.206
R_8TnRlBtBc1e9KFu,NL,1,22,7,5,4,4,4,4,3,4,3,2,4,3,3,3,2,2,3,2,3,1,1,4,4,3,90% ,3,2,5,3,2,2,3,4,1,4,4,5,2,1,2,2,0,47.101
R_2mk21YLeOZQgYl5,NL,1,23,7,3,4,4,2,4,4,4,2,2,4,4,4,4,3,4,4,2,4,3,2,4,4,2,90%,4,4,5,4,4,3,2,3,4,4,4,5,2,1,3,4,0,78.842
R_8kHVoo0EyEJngz7,NL,1,24,7,2,4,5,1,4,4,1,5,1,4,5,3,3,3,2,4,2,2,3,2,3,2,2,90 procent met afwijking van 8 procent gegeven bepaalde omstandigheden,3,5,4,4,2,3,4,4,2,4,3,4,3,1,3,3,1,65.777
R_2QKkayYmNOgmRBl,NL,2,24,7,3,1,4,2,2,2,2,4,4,2,4,3,4,3,3,4,2,2,1,2,4,4,4,90%,4,2,4,4,2,4,1,2,4,4,4,4,3,3,4,4,0,48.579
R_2dB9UrHivVMElue,DE,2,25,4,4,2,3,4,2,2,4,2,4,2,2,3,3,4,4,3,3,3,3,2,3,4,3,Ca 90% ist wahrscheinlich richtig ,4,2,3,4,2,4,2,4,4,4,3,4,2,1,4,3,1,86.689
R_82SmN2IbGCZIoPD,NL,2,22,7,5,3,4,4,5,5,2,5,2,4,4,4,3,3,4,3,3,3,3,1,4,3,2,90%,4,4,5,4,4,3,4,3,2,4,4,5,5,1,4,3,0,45.424
R_2mPRIpjSREWFK5b,NL,1,19,6,4,5,4,3,4,4,4,4,4,4,4,2,5,2,1,4,5,1,2,3,4,5,4,82 tot 98 procent,4,2,3,4,2,4,2,4,3,2,4,4,4,1,4,4,1,63.887
R_800neMwrGgxi449,NL,1,25,7,3,1,2,4,2,2,4,4,3,4,4,3,4,3,2,4,2,4,1,4,1,4,3,90%,2,1,5,4,4,2,3,4,2,4,4,5,4,1,2,2,0,286.648
R_2oWSQdSpNxPYPkE,NL,1,24,7,3,4,4,5,3,2,4,4,4,4,5,3,5,3,2,4,3,2,3,4,4,2,3,ergens tussen de 82 en 98 procent.,4,4,5,4,2,3,2,4,2,5,4,5,2,1,3,4,1,89.695
R_21RXn9QqFI9VRJe,NL,2,19,6,2,2,2,4,2,2,2,2,3,2,3,3,3,4,3,3,4,3,3,2,3,4,3,ongeveer 90%,2,4,4,3,3,2,3,4,2,4,3,4,2,3,2,2,1,67.496
R_8nJc6BuXASFdQjE,NL,2,21,6,2,2,4,4,4,3,3,2,3,3,4,2,4,2,2,3,2,1,1,4,4,2,3,90%,4,4,4,4,2,3,2,3,3,2,4,4,2,1,4,3,0,41.353
R_2Lw6jzcgSD4NjEZ,DE,1,22,6,5,2,5,2,4,4,2,2,3,4,4,3,4,1,5,5,2,1,1,4,5,4,3,90,4,2,3,5,1,4,2,4,5,5,3,4,1,1,5,5,0,53.325
R_8mRwSfSIF411yNX,EN-GB,2,22,3,3,3,2,2,2,2,2,2,2,3,2,4,3,4,4,2,2,4,4,2,2,4,4,80-90%,2,4,4,2,3,2,4,2,2,3,3,4,3,2,2,3,1,78.934
R_2EDODYvWLtRAypw,NL,2,21,6,4,2,3,2,3,4,5,2,3,4,5,4,4,2,2,4,3,2,2,2,4,3,4,82-96%,4,2,4,4,1,4,2,4,4,4,4,4,3,1,3,4,1,65.679
R_2AA7nHGI8eOLi1z,NL,2,36,3,5,4,4,2,4,3,2,4,2,5,3,3,3,4,4,3,2,2,1,2,2,2,2,8/10,3,4,2,3,2,4,2,3,2,2,3,5,4,3,3,3,0,31.42
R_8v3b0I5Vzhx1y83,NL,1,19,3,3,1,4,1,1,3,5,1,4,2,5,4,5,2,2,4,1,2,1,3,1,1,1,90% (+/- 8%),4,1,5,4,1,4,1,3,3,2,4,5,5,1,3,3,1,46.038
R_231qLn8Gu6n4zTN,EN-GB,2,26,6,3,2,1,4,3,2,4,1,2,2,3,3,3,3,4,3,3,5,3,1,5,2,4,90%,4,4,5,4,2,4,2,4,3,4,4,3,3,3,3,3,0,184.26
R_2h0aWSGxqhp84Em,EN-GB,2,19,6,3,3,3,3,3,3,3,2,4,4,4,3,3,3,4,2,2,2,3,3,3,5,4,75%,4,2,4,4,3,3,2,3,3,3,2,4,3,2,2,3,1,31.266
R_8bVEMRVGPdWr17K,NL,2,23,6,4,2,4,2,2,2,2,2,4,2,4,3,2,4,4,2,3,3,3,1,4,4,4,90%,2,1,5,3,4,2,4,4,2,1,3,5,4,1,2,2,0,31.4
R_2wQMJUC9ot6eRot,DE,2,21,3,3,3,3,3,4,4,3,4,4,3,2,3,2,4,5,2,3,3,1,1,2,1,1,82% - 98%,1,3,4,2,2,2,3,4,2,1,2,4,2,1,3,3,1,135.675
