StartDate,EndDate,Status,Progress,Duration (in seconds),Finished,RecordedDate,ResponseId,DistributionChannel,UserLanguage,consent,gender,age,education,medical_prof,Q19,ATI_1,ATI_2,ATI_3,ATI_4,ATI_5,ATI_6,ATI_7,ATI_8,ATI_9,HCSDS_C1,HCSDS_V1,HCSDS_C2,HCSDS_C3,HCSDS_V2,HCSDS_C4,HCSDS_V3,HCSDS_V4,HCSDS_V5,delay_timer_First Click,delay_timer_Last Click,delay_timer_Page Submit,delay_timer_Click Count,delay_timer_First Click,delay_timer_Last Click,delay_timer_Page Submit,delay_timer_Click Count,manip_check1_1,manip_check1_2,manip_check1_3,manip_check1_4,manip_check2,TiA_RC1,TiA_F1,TiA_Pro1,TiA_RC2,TiA_UP2,TiA_T1,TiA_RC3,TiA_UP3,TiA_Pro2,TiA_RC4,TiA_T2,TiA_RC5,TiA_UP4,TiA_F2,TiA_Pro3,TiA_RC6,id,stimulus_group
Start Date,End Date,Response Type,Progress,Duration (in seconds),Finished,Recorded Date,Response ID,Distribution Channel,User Language,"Consent Statement

I confirm that:

- I am 16 years of age or older

- I have been informed about the study to my satisfaction

- I have read the information carefully;

- I have been given the opportunity to ask questions about the study;

- my questions, if any, were answered to my satisfaction;

- I have had a good opportunity to think about participating in the survey;

- I am participating in the study of my own free will.



I understand that:

- I have the right to withdraw my consent at any time without giving any reason and without any adverse consequences for me, by closing the survey tab in the browser;

- my personal data are processed in accordance with the AVG;

- my personal data will be processed in accordance with the Radboud University Privacy Statement (https://www.ru.nl/en/about-us/policies-and-regulations/privacy-and-security/privacy-statements);



I agree that:

- my personal and/or research data are obtained within this research for scientific purposes and will be available for review, reuse and replication;

- for monitoring the study, supervisory authorities may access my personal and research data.",What is your gender?,What is your age?,What is the highest level of education that you have completed OR are currently enrolled in?,"Are you currently working in the medical field? This includes doctors, nurses or administrators at a hospital, a doctor's office or at a pharmacy, and also medical students.",How much experience do you have with using Artificial Intelligence?,"In the following part, you will be asked about your interaction with technical systems. The term “technical systems” refers to apps and other software applications, as well as entire digital devices (e.g., mobile phone, computer, TV, car navigation).



Please choose to what degree you agree with the following statements. - I like to occupy myself in greater detail with technical systems.","In the following part, you will be asked about your interaction with technical systems. The term “technical systems” refers to apps and other software applications, as well as entire digital devices (e.g., mobile phone, computer, TV, car navigation).



Please choose to what degree you agree with the following statements. - I like testing the functions of new technical systems.","In the following part, you will be asked about your interaction with technical systems. The term “technical systems” refers to apps and other software applications, as well as entire digital devices (e.g., mobile phone, computer, TV, car navigation).



Please choose to what degree you agree with the following statements. - I predominantly deal with technical systems because I have to.","In the following part, you will be asked about your interaction with technical systems. The term “technical systems” refers to apps and other software applications, as well as entire digital devices (e.g., mobile phone, computer, TV, car navigation).



Please choose to what degree you agree with the following statements. - When I have a new technical system in front of me, I try it out intensively.","In the following part, you will be asked about your interaction with technical systems. The term “technical systems” refers to apps and other software applications, as well as entire digital devices (e.g., mobile phone, computer, TV, car navigation).



Please choose to what degree you agree with the following statements. - I enjoy spending time becoming acquainted with a new technical system.","In the following part, you will be asked about your interaction with technical systems. The term “technical systems” refers to apps and other software applications, as well as entire digital devices (e.g., mobile phone, computer, TV, car navigation).



Please choose to what degree you agree with the following statements. - It is enough for me that a technical system works; I don’t care how or why.","In the following part, you will be asked about your interaction with technical systems. The term “technical systems” refers to apps and other software applications, as well as entire digital devices (e.g., mobile phone, computer, TV, car navigation).



Please choose to what degree you agree with the following statements. - I try to understand how a technical system exactly works.","In the following part, you will be asked about your interaction with technical systems. The term “technical systems” refers to apps and other software applications, as well as entire digital devices (e.g., mobile phone, computer, TV, car navigation).



Please choose to what degree you agree with the following statements. - It is enough for me to know the basic functions of a technical system.","In the following part, you will be asked about your interaction with technical systems. The term “technical systems” refers to apps and other software applications, as well as entire digital devices (e.g., mobile phone, computer, TV, car navigation).



Please choose to what degree you agree with the following statements. - I try to make full use of the capabilities of a technical system.","In the following part, you will be asked about your opinion about the Health Care System.



By “Health Care System” we mean: hospitals, community clinics, and labs as well as organizations involved in health such as insurance companies and drug companies. We are not including people such as doctors, nurses, specialists, x-ray technicians, medicines, or office staff. We are just talking about the organizations that are a part of your health care. - The Health Care System does its best to make patients’ health better.","In the following part, you will be asked about your opinion about the Health Care System.



By “Health Care System” we mean: hospitals, community clinics, and labs as well as organizations involved in health such as insurance companies and drug companies. We are not including people such as doctors, nurses, specialists, x-ray technicians, medicines, or office staff. We are just talking about the organizations that are a part of your health care. - The Health Care System covers up its mistakes.","In the following part, you will be asked about your opinion about the Health Care System.



By “Health Care System” we mean: hospitals, community clinics, and labs as well as organizations involved in health such as insurance companies and drug companies. We are not including people such as doctors, nurses, specialists, x-ray technicians, medicines, or office staff. We are just talking about the organizations that are a part of your health care. - Patients receive high quality medical care from the Health Care System.","In the following part, you will be asked about your opinion about the Health Care System.



By “Health Care System” we mean: hospitals, community clinics, and labs as well as organizations involved in health such as insurance companies and drug companies. We are not including people such as doctors, nurses, specialists, x-ray technicians, medicines, or office staff. We are just talking about the organizations that are a part of your health care. - The Health Care System makes too many mistakes.","In the following part, you will be asked about your opinion about the Health Care System.



By “Health Care System” we mean: hospitals, community clinics, and labs as well as organizations involved in health such as insurance companies and drug companies. We are not including people such as doctors, nurses, specialists, x-ray technicians, medicines, or office staff. We are just talking about the organizations that are a part of your health care. - The Health Care System puts making money above patients’ needs.","In the following part, you will be asked about your opinion about the Health Care System.



By “Health Care System” we mean: hospitals, community clinics, and labs as well as organizations involved in health such as insurance companies and drug companies. We are not including people such as doctors, nurses, specialists, x-ray technicians, medicines, or office staff. We are just talking about the organizations that are a part of your health care. - The Health Care System gives excellent medical care.","In the following part, you will be asked about your opinion about the Health Care System.



By “Health Care System” we mean: hospitals, community clinics, and labs as well as organizations involved in health such as insurance companies and drug companies. We are not including people such as doctors, nurses, specialists, x-ray technicians, medicines, or office staff. We are just talking about the organizations that are a part of your health care. - Patients get the same medical treatment from the Health Care System, no matter what the patient’s race or ethnicity.","In the following part, you will be asked about your opinion about the Health Care System.



By “Health Care System” we mean: hospitals, community clinics, and labs as well as organizations involved in health such as insurance companies and drug companies. We are not including people such as doctors, nurses, specialists, x-ray technicians, medicines, or office staff. We are just talking about the organizations that are a part of your health care. - The Health Care System lies to make money.","In the following part, you will be asked about your opinion about the Health Care System.



By “Health Care System” we mean: hospitals, community clinics, and labs as well as organizations involved in health such as insurance companies and drug companies. We are not including people such as doctors, nurses, specialists, x-ray technicians, medicines, or office staff. We are just talking about the organizations that are a part of your health care. - The Health Care System experiments on patients without them knowing.",Timing - First Click,Timing - Last Click,Timing - Page Submit,Timing - Click Count,Timing - First Click,Timing - Last Click,Timing - Page Submit,Timing - Click Count,"The statements below are about the AI-powered medical system, the MDSS, you have just read about in the digital leaflet. Please select whether these statements are true or false. - The MDSS makes medical decisions independently","The statements below are about the AI-powered medical system, the MDSS, you have just read about in the digital leaflet. Please select whether these statements are true or false. - The MDSS will give a correct diagnosis in 9 out of 10 cases","The statements below are about the AI-powered medical system, the MDSS, you have just read about in the digital leaflet. Please select whether these statements are true or false. - The MDSS indicates exactly, how high the probability for a given diagnosis is","The statements below are about the AI-powered medical system, the MDSS, you have just read about in the digital leaflet. Please select whether these statements are true or false. - The doctors at the hospital know how the MDSS works",What is the accuracy of the MDSS described in the leaflet? (as a percentage or description),The following statements are about your impression of the MDSS. - I expect the MDSS to interpret my medical data correctly.,The following statements are about your impression of the MDSS. - I have heard about similar systems.,The following statements are about your impression of the MDSS. - One should be careful with unfamiliar AI systems.,The following statements are about your impression of the MDSS. - I expect the MDSS to give reliable recommendations.,The following statements are about your impression of the MDSS. - The MDSS’s recommendations are unpredictable.,The following statements are about your impression of the MDSS. - I trust the MDSS.,The following statements are about your impression of the MDSS. - The MDSS is likely to give incorrect recommendations.,The following statements are about your impression of the MDSS. - I understand how the MDSS arrives at its recommendations.,The following statements are about your impression of the MDSS. - I rather trust a system than I mistrust it.,The following statements are about your impression of the MDSS. - The MDSS is capable of assisting in complicated tasks.,The following statements are about your impression of the MDSS. - I can rely on doctors using the MDSS.,The following statements are about your impression of the MDSS. - The MDSS might make sporadic errors.,The following statements are about your impression of the MDSS. - It's difficult to anticipate the MDSS’s recommendations.,The following statements are about your impression of the MDSS. - I have been treated with the help of similar systems in the past.,The following statements are about your impression of the MDSS. - AI systems generally work well.,The following statements are about your impression of the MDSS. - I am confident about the MDSS’s capabilities.,id,stimulus_group
"{""ImportId"":""startDate"",""timeZone"":""Europe/Berlin""}","{""ImportId"":""endDate"",""timeZone"":""Europe/Berlin""}","{""ImportId"":""status""}","{""ImportId"":""progress""}","{""ImportId"":""duration""}","{""ImportId"":""finished""}","{""ImportId"":""recordedDate"",""timeZone"":""Europe/Berlin""}","{""ImportId"":""_recordId""}","{""ImportId"":""distributionChannel""}","{""ImportId"":""userLanguage""}","{""ImportId"":""QID22""}","{""ImportId"":""QID1""}","{""ImportId"":""QID2_TEXT""}","{""ImportId"":""QID3""}","{""ImportId"":""QID15""}","{""ImportId"":""QID24""}","{""ImportId"":""QID4_1""}","{""ImportId"":""QID4_2""}","{""ImportId"":""QID4_3""}","{""ImportId"":""QID4_4""}","{""ImportId"":""QID4_5""}","{""ImportId"":""QID4_6""}","{""ImportId"":""QID4_7""}","{""ImportId"":""QID4_8""}","{""ImportId"":""QID4_9""}","{""ImportId"":""QID5_1""}","{""ImportId"":""QID5_2""}","{""ImportId"":""QID5_3""}","{""ImportId"":""QID5_4""}","{""ImportId"":""QID5_5""}","{""ImportId"":""QID5_6""}","{""ImportId"":""QID5_7""}","{""ImportId"":""QID5_8""}","{""ImportId"":""QID5_9""}","{""ImportId"":""QID18_FIRST_CLICK""}","{""ImportId"":""QID18_LAST_CLICK""}","{""ImportId"":""QID18_PAGE_SUBMIT""}","{""ImportId"":""QID18_CLICK_COUNT""}","{""ImportId"":""QID17_FIRST_CLICK""}","{""ImportId"":""QID17_LAST_CLICK""}","{""ImportId"":""QID17_PAGE_SUBMIT""}","{""ImportId"":""QID17_CLICK_COUNT""}","{""ImportId"":""QID19_1""}","{""ImportId"":""QID19_2""}","{""ImportId"":""QID19_3""}","{""ImportId"":""QID19_4""}","{""ImportId"":""QID20_TEXT""}","{""ImportId"":""QID7_1""}","{""ImportId"":""QID7_2""}","{""ImportId"":""QID7_3""}","{""ImportId"":""QID7_4""}","{""ImportId"":""QID7_5""}","{""ImportId"":""QID7_6""}","{""ImportId"":""QID7_7""}","{""ImportId"":""QID7_8""}","{""ImportId"":""QID7_9""}","{""ImportId"":""QID7_10""}","{""ImportId"":""QID7_11""}","{""ImportId"":""QID7_12""}","{""ImportId"":""QID7_13""}","{""ImportId"":""QID7_14""}","{""ImportId"":""QID7_15""}","{""ImportId"":""QID7_16""}","{""ImportId"":""id""}","{""ImportId"":""stimulus_group""}"
2025-05-09 16:24:38,2025-05-09 16:28:40,0,100,241,1,2025-05-09 16:28:40,R_2wcQZNoEgb828YN,anonymous,NL,1,2,24,6,0,4,3,4,2,4,5,2,4,4,4,4,4,3,3,4,3,2,4,2,,,,,1.387,40.813,41.777,11,2,4,3,2,90,4,4,4,4,3,4,2,4,2,2,4,5,4,1,2,3,,uncertainty
2025-05-09 16:35:42,2025-05-09 16:43:56,0,100,493,1,2025-05-09 16:43:56,R_2xVbwQvHkSdNB3X,anonymous,EN-GB,1,1,24,6,0,5,5,5,2,4,5,2,4,2,5,4,4,4,2,2,4,3,4,3,,,,,0,0,68.266,0,2,4,4,3,Between 82 and 98%,4,1,5,2,4,2,4,4,4,4,4,5,4,1,2,2,,uncertainty
2025-05-09 16:40:41,2025-05-09 16:46:32,0,100,351,1,2025-05-09 16:46:32,R_8IgEAe8wOZIeQih,anonymous,DE,1,2,22,6,0,3,1,3,2,2,2,5,1,4,2,4,3,3,2,3,4,4,3,2,0.26,39.486,40.024,17,,,,,2,4,4,2,90%,2,3,4,3,4,2,3,3,3,4,2,4,5,2,3,2,,control
2025-05-09 16:45:50,2025-05-09 16:50:40,0,100,290,1,2025-05-09 16:50:40,R_2xVkPWT9CLOsV9Z,anonymous,NL,1,2,22,7,0,4,4,3,4,3,3,2,4,3,4,4,4,4,3,4,3,3,4,4,5.804,31.372,32.696,9,,,,,1,2,4,2,85,4,5,5,4,4,4,4,4,3,5,2,5,4,1,3,4,,control
2025-05-09 16:42:14,2025-05-09 16:50:42,0,100,508,1,2025-05-09 16:50:42,R_2DNNnCk5wVZRMMi,anonymous,NL,1,1,46,7,0,5,5,5,2,3,5,2,4,2,4,5,1,5,1,3,5,1,1,1,,,,,16.202,78.185,82.79,4,1,3,4,3,behoorlijk betrouwbaar,5,4,4,5,1,5,1,4,4,5,5,5,3,1,4,4,,uncertainty
2025-05-09 16:47:16,2025-05-09 16:53:49,0,100,393,1,2025-05-09 16:53:50,R_2axlh12eZ3cxw3E,anonymous,NL,1,2,23,7,0,4,4,2,4,2,2,1,4,5,2,2,5,4,4,5,2,2,2,4,0,0,58.15,0,,,,,1,5,1,4,90%,5,4,5,5,1,5,1,5,2,4,2,5,2,1,5,5,,control
2025-05-09 16:47:38,2025-05-09 16:55:36,0,100,478,1,2025-05-09 16:55:36,R_2OIUzLqJwhBHGHD,anonymous,DE,1,2,54,4,0,1,2,2,4,2,2,4,3,5,3,4,3,3,3,2,1,3,3,3,,,,,10.567,110.469,111.449,18,1,5,5,5,90,2,1,4,4,3,3,2,4,3,3,4,3,3,1,2,3,,uncertainty
2025-05-09 16:49:24,2025-05-09 16:59:20,0,100,595,1,2025-05-09 16:59:20,R_2NyOIMCFWSF2abt,anonymous,NL,1,2,23,7,0,4,2,2,4,2,2,5,2,5,4,1,2,2,4,5,2,2,4,1,,,,,0.716,158.366,188.884,5,1,2,1,3,80% - 98%,2,1,4,4,2,4,2,4,2,4,4,5,2,1,3,4,,uncertainty
2025-05-09 16:57:42,2025-05-09 17:01:54,0,100,251,1,2025-05-09 17:01:54,R_8hWjOq7Y07QLAqB,anonymous,NL,1,2,24,6,0,3,1,2,3,1,1,5,1,5,1,5,4,3,3,3,2,1,3,3,8.102,44.215,45.933,9,,,,,2,4,2,4,70,2,2,5,2,2,2,4,2,2,4,4,4,2,1,2,2,,control
2025-05-09 16:55:22,2025-05-09 17:06:54,0,100,692,1,2025-05-09 17:06:55,R_83I0aNheQQ55Ygp,anonymous,NL,1,1,24,7,0,3,4,4,4,3,4,2,4,4,4,5,4,4,3,3,3,3,2,1,0.566,196.8,198.004,18,,,,,4,5,5,1,90% accuraat,2,4,5,3,4,1,3,1,1,4,3,4,4,3,3,3,,control
2025-05-09 16:58:11,2025-05-09 17:08:33,0,100,621,1,2025-05-09 17:08:33,R_8f3qQNk7bwVMC4h,anonymous,DE,1,2,23,6,0,3,4,4,2,4,4,2,3,4,2,5,2,3,4,3,3,2,2,1,,,,,0,0,183.698,0,1,4,5,4,90% (+-8%)-> 82%-98%,4,4,5,4,2,2,2,3,4,1,3,5,2,1,4,4,,uncertainty
2025-05-09 17:03:57,2025-05-09 17:09:15,0,100,318,1,2025-05-09 17:09:16,R_2N3MYd4mP7ALrhq,anonymous,EN-GB,1,2,25,7,0,3,3,4,1,4,4,1,2,3,1,5,2,5,1,1,5,1,1,1,0.559,51.625,52.9,8,,,,,1,4,1,5,90,1,5,5,4,3,1,3,5,2,4,4,5,3,1,2,3,,control
2025-05-09 17:00:41,2025-05-09 17:14:55,0,100,854,1,2025-05-09 17:14:55,R_8q7qk4XhQTGv3qM,anonymous,NL,1,1,22,6,0,4,5,5,1,5,5,2,4,2,5,4,4,4,2,5,4,3,4,1,,,,,1.045,110.738,114.18,7,1,4,3,4,Zeer betrouwbaar (82-98 procent),4,2,4,4,2,4,4,4,3,4,4,5,4,1,4,3,,uncertainty
2025-05-09 17:08:51,2025-05-09 17:16:15,0,100,444,1,2025-05-09 17:16:16,R_2CJjBZ3CEBG1jrQ,anonymous,NL,1,2,22,7,0,4,4,4,1,3,4,2,2,4,3,4,3,4,3,4,3,3,3,3,,,,,1.201,67.678,76.444,14,2,2,5,5,90% in aangeven hoe groot de kans is op een bepaalde diagnose,4,5,4,4,2,4,3,4,4,5,4,5,5,2,4,4,,uncertainty
2025-05-09 17:10:50,2025-05-09 17:17:25,0,100,395,1,2025-05-09 17:17:26,R_2Xoleccy11GFb23,anonymous,EN-GB,1,2,24,7,0,4,3,4,4,4,4,2,4,2,4,4,2,4,2,2,4,3,2,2,,,,,3.691,46,56.275,10,1,4,5,3,90 percent but it differed 85-88,5,5,3,5,2,4,2,4,4,4,4,5,4,3,4,5,,uncertainty
2025-05-09 17:16:56,2025-05-09 17:22:16,0,100,319,1,2025-05-09 17:22:16,R_2EeIxLtmJ7ThE6R,anonymous,NL,1,2,26,7,0,2,5,5,3,5,5,2,5,2,4,5,3,4,3,2,4,2,2,2,1.201,25.809,37.918,7,,,,,1,4,2,2,90,4,3,3,4,2,4,2,2,4,5,4,5,3,1,3,4,,control
2025-05-09 17:14:49,2025-05-09 17:29:26,0,100,876,1,2025-05-09 17:29:27,R_8CVgRnghnagCsRK,anonymous,DE,1,2,56,4,0,1,4,4,3,4,4,4,5,5,5,5,5,2,4,4,4,4,4,3,4.441,37.978,40.541,8,,,,,4,5,5,5,90,4,4,4,5,4,4,3,4,4,4,4,5,5,1,2,2,,control
2025-05-09 17:32:59,2025-05-09 17:38:49,0,100,349,1,2025-05-09 17:38:49,R_2CAGReiV4E9jT9f,anonymous,DE,1,2,55,2,0,1,1,2,1,3,1,3,4,1,2,4,2,2,2,3,2,2,1,1,,,,,2.61,20.853,31.16,11,3,3,3,4,60%,3,1,3,2,3,3,3,3,3,3,4,3,3,3,3,4,,uncertainty
2025-05-09 17:27:53,2025-05-09 17:40:30,0,100,757,1,2025-05-09 17:40:31,R_22n9RRTmmYr2LzQ,anonymous,DE,1,2,57,5,0,1,2,2,3,3,2,4,4,4,4,4,4,2,3,3,2,2,3,3,,,,,3.357,141.05,142.606,39,3,4,4,3,82-90%,4,4,2,4,2,4,2,4,3,4,3,4,3,1,3,4,,uncertainty
2025-05-09 17:38:37,2025-05-09 17:41:30,0,100,173,1,2025-05-09 17:41:30,R_2IF3Y0t8zq7Yppf,anonymous,NL,1,2,32,4,1,3,,,,,,,,,,,,,,,,,,,,,,,,,,,,,,,,,,,,,,,,,,,,,,,,,
2025-05-09 18:10:04,2025-05-09 18:10:59,0,100,55,1,2025-05-09 18:10:59,R_2GodSfARzMAeoh3,anonymous,NL,1,2,43,8,1,5,,,,,,,,,,,,,,,,,,,,,,,,,,,,,,,,,,,,,,,,,,,,,,,,,
2025-05-09 17:54:56,2025-05-09 18:11:33,0,100,996,1,2025-05-09 18:11:33,R_70pcA3OdDCWM8pz,anonymous,EN-GB,1,1,30,6,0,2,3,4,2,3,3,1,4,1,4,4,3,5,3,3,5,3,3,1,,,,,64.25,219.818,220.864,9,1,3,3,3,"It just looked at similar cases and compared, can't remember any specific number of successful diagnoses.",4,4,5,4,5,3,3,4,5,5,4,5,4,1,1,3,,uncertainty
2025-05-09 18:20:32,2025-05-09 18:28:24,0,100,472,1,2025-05-09 18:28:24,R_8y2exnybwnobhGs,anonymous,NL,1,1,25,7,0,5,5,5,3,5,3,3,5,3,3,4,3,4,2,4,4,4,3,3,,,,,1.323,71.773,72.226,16,2,4,4,3,Spreiding van 8% rond ongeveer 90% accuracy,2,5,5,3,4,2,4,1,2,4,3,5,2,3,2,1,,uncertainty
2025-05-09 18:26:31,2025-05-09 18:33:48,0,100,436,1,2025-05-09 18:33:49,R_869hFQQwp6oSRDG,anonymous,NL,1,1,57,6,0,2,1,4,1,4,3,4,1,5,4,5,3,4,3,4,4,2,2,2,1.399,47.378,54.07,10,,,,,1,4,5,5,90%,4,1,4,4,1,4,1,5,4,5,5,5,1,1,3,4,,control
2025-05-09 18:26:51,2025-05-09 18:34:43,0,100,471,1,2025-05-09 18:34:43,R_83oElExLlK1gF9L,anonymous,DE,1,2,38,4,0,2,2,3,4,3,2,4,2,4,2,2,3,1,3,4,1,1,3,3,0.269,74.425,75.767,14,,,,,5,5,5,5,90%,4,1,3,4,3,3,3,4,3,4,3,3,3,1,3,3,,control
2025-05-09 18:27:45,2025-05-09 18:41:33,0,100,828,1,2025-05-09 18:41:33,R_8j93ZeWvydWte8R,anonymous,DE,1,1,76,5,0,1,2,3,3,2,2,3,2,4,2,4,3,3,3,4,3,4,3,2,,,,,0.111,76.537,77.484,21,4,4,4,3,80,4,3,4,4,2,3,2,3,3,4,4,3,3,1,3,3,,uncertainty
2025-05-09 18:38:11,2025-05-09 18:42:48,0,100,277,1,2025-05-09 18:42:48,R_2kIxMqGWrWKixED,anonymous,NL,1,1,28,7,0,2,4,4,2,3,4,3,4,4,4,5,4,5,3,2,4,3,2,3,,,,,0.828,30.32,31.989,7,1,4,4,3,82-98%,4,4,5,4,3,3,4,3,2,1,4,5,4,1,2,2,,uncertainty
2025-05-09 18:34:02,2025-05-09 18:43:41,0,100,578,1,2025-05-09 18:43:41,R_8OkmKpSDT0DJ2m3,anonymous,NL,1,2,56,7,0,3,1,2,5,1,1,5,1,2,1,5,3,5,4,2,4,2,2,1,5.673,69.147,69.701,24,,,,,3,5,5,3,90% gelijk,4,5,4,5,1,5,1,4,4,5,5,5,2,1,4,4,,control
2025-05-09 18:53:03,2025-05-09 18:57:08,0,100,244,1,2025-05-09 18:57:08,R_2BsTJcD1IP3MEO5,anonymous,NL,1,2,36,8,0,4,2,2,4,4,3,2,4,2,3,4,3,1,2,3,4,2,3,3,,,,,1.297,42.385,43.402,10,2,2,2,2,90,2,2,4,4,4,3,3,3,3,3,2,2,3,4,4,3,,uncertainty
2025-05-09 19:13:18,2025-05-09 19:19:50,0,100,392,1,2025-05-09 19:19:50,R_90wxE5OJpndjLZl,anonymous,DE,1,2,23,6,0,3,2,4,4,2,2,4,2,3,5,4,2,4,3,3,3,3,2,3,2.133,37.094,38.667,6,,,,,1,4,5,4,70%,4,4,3,4,2,4,2,4,4,4,3,5,2,1,3,3,,control
2025-05-09 19:18:56,2025-05-09 19:27:25,0,100,508,1,2025-05-09 19:27:25,R_2Ol7D4ijkXaF8dY,anonymous,DE,1,2,19,6,0,2,2,4,4,2,2,4,2,4,2,4,4,4,2,3,3,2,2,3,8.636,87.962,107.353,10,,,,,2,5,5,4,90%,4,1,4,4,2,3,2,4,4,4,4,4,2,1,4,4,,control
2025-05-09 19:22:01,2025-05-09 19:28:41,0,100,400,1,2025-05-09 19:28:42,R_82VTiMRxnTq6OmC,anonymous,DE,1,2,62,2,0,2,4,4,3,4,4,3,3,3,4,4,3,4,3,4,4,3,3,2,,,,,0.738,1.96,68.101,3,3,4,3,3,90%,3,3,4,3,4,3,2,3,3,4,3,4,3,2,4,3,,uncertainty
2025-05-09 19:30:39,2025-05-09 19:35:48,0,100,309,1,2025-05-09 19:35:48,R_8j0R4S5juTSNNgA,anonymous,DE,1,1,25,6,0,3,4,4,2,4,4,2,4,2,4,2,4,3,4,5,3,2,5,3,0.551,48.951,51.344,10,,,,,1,5,4,5,90%,4,1,4,2,2,2,4,5,4,1,4,4,1,1,4,4,,control
2025-05-09 19:34:21,2025-05-09 19:37:58,0,100,217,1,2025-05-09 19:37:58,R_2HhkoDtfVos6iae,anonymous,DE,1,2,51,4,1,1,,,,,,,,,,,,,,,,,,,,,,,,,,,,,,,,,,,,,,,,,,,,,,,,,
2025-05-09 19:35:24,2025-05-09 19:45:05,0,100,581,1,2025-05-09 19:45:08,R_8JwQtEmqqcYui4Y,anonymous,DE,1,2,53,4,0,3,2,2,5,3,1,1,5,2,2,2,4,2,4,4,1,3,3,4,,,,,11.485,31.449,32.978,2,3,3,4,2,?,4,4,4,5,4,2,3,2,2,2,2,2,4,4,4,2,,uncertainty
2025-05-09 19:38:07,2025-05-09 19:46:03,0,100,476,1,2025-05-09 19:46:04,R_2sTchbxRnCZFrWh,anonymous,DE,1,2,51,4,0,1,2,4,4,5,4,4,2,4,4,4,2,4,3,3,4,4,3,2,21.276,37.978,39.901,5,,,,,2,4,4,3,85,5,1,2,4,2,4,2,3,3,3,4,3,3,2,3,4,,control
2025-05-09 19:47:45,2025-05-09 19:53:10,0,100,324,1,2025-05-09 19:53:11,R_2GjPm6h0yKHUH2W,anonymous,NL,1,2,26,7,0,3,1,3,2,4,1,4,4,4,4,5,4,5,2,2,5,3,1,2,,,,,0.376,65.207,65.698,58,2,4,4,3,80%,2,1,5,2,4,4,1,4,3,4,4,5,4,1,2,2,,uncertainty
2025-05-09 19:54:23,2025-05-09 20:07:19,0,100,775,1,2025-05-09 20:07:19,R_8HGJ0ZeB6b5Aomd,anonymous,DE,1,2,19,6,0,2,2,3,5,2,2,5,2,5,3,3,4,3,4,3,1,2,3,2,,,,,93.045,208.046,227.438,14,1,2,1,4,82% bis 98%,3,2,5,4,2,2,2,5,2,4,4,5,2,1,4,4,,uncertainty
2025-05-09 16:31:19,2025-05-09 20:09:54,0,100,13114,1,2025-05-09 20:09:54,R_24FJMzrXnlZZtLP,anonymous,EN-GB,1,1,24,6,0,5,5,5,1,4,5,1,5,1,5,2,3,4,4,2,3,1,1,1,6.325,68.375,102.492,8,,,,,1,4,4,5,relevant diagnosis predicted in 90% of cases,5,2,4,4,1,3,2,4,1,4,4,5,2,1,2,4,,control
2025-05-09 20:15:55,2025-05-09 20:17:17,0,100,82,1,2025-05-09 20:17:18,R_8lJEb329amQVzYK,anonymous,DE,1,2,36,4,1,1,,,,,,,,,,,,,,,,,,,,,,,,,,,,,,,,,,,,,,,,,,,,,,,,,
2025-05-09 20:42:23,2025-05-09 20:51:15,0,100,531,1,2025-05-09 20:51:16,R_2QsNRHjcjh7KcIL,anonymous,EN-GB,1,3,22,7,0,4,4,4,3,4,4,2,3,3,4,4,3,4,2,4,4,3,2,1,,,,,2.09,150.481,151.414,15,2,3,2,1,"90 percent plus or minus 8, depending on the situation",3,5,5,4,5,3,4,2,1,2,4,5,4,1,4,3,,uncertainty
2025-05-09 21:00:39,2025-05-09 21:07:15,0,100,396,1,2025-05-09 21:07:15,R_2joCdlvESwRIuiN,anonymous,DE,1,1,59,2,0,2,2,1,1,1,1,1,2,1,2,2,3,3,3,1,3,3,1,1,,,,,3.04,39.254,40.075,21,3,2,2,4,35,4,3,3,4,3,4,1,2,4,4,4,3,3,3,3,4,,uncertainty
2025-05-09 20:53:28,2025-05-09 21:09:25,0,100,956,1,2025-05-09 21:09:26,R_8CjcNxEFoMNLXrh,anonymous,DE,1,2,"74 ",4,0,1,2,3,4,2,3,4,3,4,3,3,4,3,4,4,3,4,4,3,,,,,1.889,47.904,48.9,17,2,2,4,3,90,4,4,5,4,2,4,2,4,4,4,4,3,4,2,4,4,,uncertainty
2025-05-09 21:33:33,2025-05-09 21:38:49,0,100,316,1,2025-05-09 21:38:50,R_8c8F7BIFgCL53sR,anonymous,DE,1,1,19,6,0,3,4,5,2,5,4,4,4,1,5,2,3,4,3,2,4,2,3,1,0.989,48.837,50.3,29,,,,,1,5,5,2,90%,3,4,4,4,2,4,2,3,4,3,4,5,4,1,2,3,,control
2025-05-09 22:02:09,2025-05-09 22:05:30,0,100,200,1,2025-05-09 22:05:30,R_2OAyDmBSKirLyUM,anonymous,DE,1,2,33,4,1,3,,,,,,,,,,,,,,,,,,,,,,,,,,,,,,,,,,,,,,,,,,,,,,,,,
2025-05-10 07:40:25,2025-05-10 07:45:07,0,100,282,1,2025-05-10 07:45:07,R_8CTMA7F0s21drGr,anonymous,DE,1,1,24,6,0,3,2,2,4,4,2,5,2,4,3,4,2,4,2,2,4,5,2,2,,,,,0.22,38.623,39.76,6,2,4,4,5,82,4,2,3,4,2,4,2,3,4,4,4,5,3,1,4,4,,uncertainty
2025-05-10 08:00:50,2025-05-10 08:06:57,0,100,366,1,2025-05-10 08:06:58,R_8CkGIPaFoju17Fg,anonymous,NL,1,2,26,7,0,3,3,1,2,1,2,2,1,4,3,4,2,5,2,4,5,1,1,1,,,,,6.596,59.695,69.797,4,1,4,4,2,90?,4,5,5,4,1,4,1,4,4,4,4,4,2,1,4,4,,uncertainty
2025-05-10 08:42:44,2025-05-10 08:47:58,0,100,314,1,2025-05-10 08:47:58,R_8yXHAr9hWjwfA3v,anonymous,NL,1,2,46,7,0,2,4,4,4,2,2,2,4,4,2,5,1,5,1,2,5,5,1,1,5.784,29.319,31.049,4,,,,,1,5,4,4,90,4,4,4,4,2,4,1,2,4,4,4,4,2,4,4,4,,control
2025-05-10 09:08:52,2025-05-10 09:20:38,0,100,705,1,2025-05-10 09:20:39,R_4cCs5mYKRCucykN,anonymous,NL,1,2,23,6,0,2,3,4,2,4,4,3,4,3,4,3,3,4,3,4,4,2,3,2,4.829,128.818,128.881,6,,,,,2,5,4,4,90%,4,4,4,5,2,4,2,4,4,4,4,4,4,1,4,4,,control
2025-05-10 09:08:34,2025-05-10 09:22:59,0,100,865,1,2025-05-10 09:23:00,R_9oNPWzGBaY4dcf9,anonymous,EN-GB,1,2,22,6,0,3,2,2,3,2,2,4,2,4,2,2,4,3,3,4,3,3,4,3,,,,,3.519,97.095,97.848,29,2,4,2,4,"90% plus minus 8% accuracy ",4,4,4,4,2,3,3,4,4,3,4,3,2,2,4,3,,uncertainty
2025-05-10 09:44:30,2025-05-10 09:51:02,0,100,391,1,2025-05-10 09:51:03,R_8nViZgNufo7nFs5,anonymous,NL,1,2,25,7,0,4,1,2,4,1,1,5,1,5,2,2,4,4,4,4,2,1,4,4,0.35,34.851,36.697,10,,,,,3,5,4,4,99,4,3,5,4,2,4,4,3,2,4,4,4,2,3,4,4,,control
2025-05-10 10:47:46,2025-05-10 11:09:13,0,100,1286,1,2025-05-10 11:09:14,R_8qF4Wtxtpc09cea,anonymous,DE,1,1,67,5,0,1,3,4,3,3,3,4,3,4,3,4,4,4,2,3,4,4,3,3,,,,,18.551,209.059,211.882,94,4,4,4,4,90 %,4,4,4,4,2,4,2,4,4,4,4,4,3,1,3,4,,uncertainty
2025-05-10 11:12:11,2025-05-10 11:20:47,0,100,515,1,2025-05-10 11:20:47,R_2QxsagDrmHaGKLp,anonymous,EN-GB,1,1,26,7,0,4,4,5,2,5,5,2,4,1,5,5,3,4,2,3,4,2,2,2,0,0,139.998,0,,,,,1,2,4,3,The MDSS works correctly for 90% of patients.,4,5,4,3,4,3,3,1,2,5,4,4,5,1,2,3,,control
2025-05-10 12:01:21,2025-05-10 12:10:40,0,100,558,1,2025-05-10 12:10:40,R_2jrY30hk5E4hlZG,anonymous,DE,1,1,61,4,0,1,3,4,3,3,3,3,4,4,3,2,4,3,2,4,2,2,3,2,1.352,52.946,54.579,7,,,,,1,3,3,4,90%,4,2,3,4,2,3,2,4,4,4,4,4,5,1,3,4,,control
2025-05-10 16:05:25,2025-05-10 16:17:40,0,100,735,1,2025-05-10 16:17:41,R_8BMOPsA1mX1Yrm1,anonymous,DE,1,1,25,3,0,3,2,3,4,2,2,4,3,4,4,2,3,3,3,4,4,2,4,3,,,,,0.324,120.635,121.238,26,1,4,5,5,90% mit 8% Varianz,4,2,3,3,2,3,1,5,4,2,4,5,2,1,4,4,,uncertainty
2025-05-09 16:43:58,2025-05-09 16:44:59,0,11,61,0,2025-05-10 16:45:07,R_837f0GU9ykb2cRu,anonymous,DE,1,,,,,,,,,,,,,,,,,,,,,,,,,,,,,,,,,,,,,,,,,,,,,,,,,,,,,,
2025-05-09 16:45:03,2025-05-09 16:45:31,0,50,28,0,2025-05-10 16:45:38,R_2IRZxeG8UQU9jTX,anonymous,EN-GB,1,2,22,7,0,5,,,,,,,,,,,,,,,,,,,,,,,,,,,,,,,,,,,,,,,,,,,,,,,,,
2025-05-09 16:50:05,2025-05-09 16:50:47,0,50,42,0,2025-05-10 16:50:50,R_2nPGCSzWs6FZNuy,anonymous,NL,1,1,22,7,0,5,,,,,,,,,,,,,,,,,,,,,,,,,,,,,,,,,,,,,,,,,,,,,,,,,
2025-05-09 16:52:03,2025-05-09 16:53:40,0,56,97,0,2025-05-10 16:53:48,R_8knVSOVYVmLCUqq,anonymous,NL,1,2,24,7,0,5,5,5,3,4,5,1,5,2,5,,,,,,,,,,,,,,,,,,,,,,,,,,,,,,,,,,,,,,,,
2025-05-09 17:02:59,2025-05-09 17:03:44,0,50,44,0,2025-05-10 17:03:45,R_24c4HapVCMrStEM,anonymous,DE,1,2,23,6,0,3,,,,,,,,,,,,,,,,,,,,,,,,,,,,,,,,,,,,,,,,,,,,,,,,,
2025-05-09 17:05:10,2025-05-09 17:09:06,0,83,235,0,2025-05-10 17:09:13,R_2wFWhmV83gLxuhm,anonymous,DE,1,2,62,2,0,2,4,4,3,4,4,3,2,4,4,4,4,4,3,3,4,3,3,3,11.203,62.088,65.438,14,,,,,,,,,,,,,,,,,,,,,,,,,,,control
2025-05-10 17:10:47,2025-05-10 17:26:44,0,100,957,1,2025-05-10 17:26:44,R_8pXxJIZ8cfSVcBs,anonymous,DE,1,2,69,7,0,1,3,3,4,3,3,2,4,2,2,4,4,4,3,3,4,4,2,2,4.023,89.582,90.388,12,,,,,1,3,4,4,80%,4,3,5,5,3,4,1,3,3,5,4,3,4,1,3,4,,control
2025-05-09 17:34:36,2025-05-09 17:40:51,0,83,375,0,2025-05-10 17:40:52,R_2H9OibLwmNDs3vj,anonymous,NL,1,2,24,7,0,5,4,5,4,2,4,2,4,4,3,5,3,4,4,3,4,4,3,3,9.226,13.076,82.855,2,,,,,,,,,,,,,,,,,,,,,,,,,,,control
2025-05-09 17:17:30,2025-05-09 18:00:13,0,50,2563,0,2025-05-10 18:00:14,R_2ANmf4rtE9mNtDC,anonymous,NL,1,1,27,5,0,4,,,,,,,,,,,,,,,,,,,,,,,,,,,,,,,,,,,,,,,,,,,,,,,,,
2025-05-09 18:04:09,2025-05-09 18:05:27,0,50,77,0,2025-05-10 18:05:28,R_2o1g8TIIwYzkFxm,anonymous,DE,1,2,38,2,0,2,,,,,,,,,,,,,,,,,,,,,,,,,,,,,,,,,,,,,,,,,,,,,,,,,
2025-05-09 18:06:00,2025-05-09 18:07:15,0,39,74,0,2025-05-10 18:07:22,R_8shfTeOFZoTWeJj,anonymous,DE,1,1,24,3,1,3,,,,,,,,,,,,,,,,,,,,,,,,,,,,,,,,,,,,,,,,,,,,,,,,,
2025-05-09 18:08:07,2025-05-09 18:08:22,0,11,14,0,2025-05-10 18:08:29,R_8DSnfLb9LmCAGno,anonymous,NL,1,,,,,,,,,,,,,,,,,,,,,,,,,,,,,,,,,,,,,,,,,,,,,,,,,,,,,,
2025-05-09 18:04:28,2025-05-09 18:11:07,0,11,399,0,2025-05-10 18:11:14,R_2UaP1cxUf5b5Trd,anonymous,DE,1,,,,,,,,,,,,,,,,,,,,,,,,,,,,,,,,,,,,,,,,,,,,,,,,,,,,,,
2025-05-09 17:28:20,2025-05-09 18:22:49,0,56,3269,0,2025-05-10 18:22:54,R_8uOoBMWMQjrh8nn,anonymous,DE,1,1,76,5,0,1,4,4,3,4,3,4,4,4,4,,,,,,,,,,,,,,,,,,,,,,,,,,,,,,,,,,,,,,,,
2025-05-09 18:19:59,2025-05-09 18:24:35,0,83,275,0,2025-05-10 18:24:44,R_8HhudZZt59qkTVr,anonymous,DE,1,2,38,4,0,2,2,2,4,2,2,4,4,4,2,2,4,2,4,4,1,1,3,3,1.954,64.461,89.332,10,,,,,,,,,,,,,,,,,,,,,,,,,,,control
2025-05-09 18:51:49,2025-05-09 18:52:52,0,39,62,0,2025-05-10 18:52:58,R_2mOQ1Vouk3ql6QB,anonymous,NL,1,2,35,8,1,5,,,,,,,,,,,,,,,,,,,,,,,,,,,,,,,,,,,,,,,,,,,,,,,,,
2025-05-09 19:13:32,2025-05-09 19:15:52,0,56,140,0,2025-05-10 19:16:02,R_2Jghd5CSoKuFAoZ,anonymous,DE,1,2,20,6,0,4,2,3,4,3,2,4,3,5,3,,,,,,,,,,,,,,,,,,,,,,,,,,,,,,,,,,,,,,,,
2025-05-09 19:01:34,2025-05-09 19:42:28,0,56,2454,0,2025-05-10 19:42:31,R_2SeGcuMc5UrI2vh,anonymous,DE,1,1,25,6,0,4,4,4,1,4,4,2,4,3,4,,,,,,,,,,,,,,,,,,,,,,,,,,,,,,,,,,,,,,,,
2025-05-09 19:53:10,2025-05-09 19:53:35,0,11,25,0,2025-05-10 19:53:39,R_205duQoR3SLWgvL,anonymous,DE,1,,,,,,,,,,,,,,,,,,,,,,,,,,,,,,,,,,,,,,,,,,,,,,,,,,,,,,
2025-05-09 20:00:42,2025-05-09 20:01:41,0,50,58,0,2025-05-10 20:01:47,R_8oWRgt8qByHb7Wv,anonymous,NL,1,2,29,6,0,5,,,,,,,,,,,,,,,,,,,,,,,,,,,,,,,,,,,,,,,,,,,,,,,,,
2025-05-09 20:44:56,2025-05-09 20:49:34,0,61,277,0,2025-05-10 20:49:42,R_8BaFpFw5HxV0DsU,anonymous,EN-GB,1,2,26,7,0,4,3,3,4,2,3,3,4,5,5,5,5,3,5,5,2,3,5,3,,,,,,,,,,,,,,,,,,,,,,,,,,,,,,,control
2025-05-09 21:13:36,2025-05-09 21:17:12,0,94,215,0,2025-05-10 21:17:13,R_8jmABftCDAiqSxH,anonymous,DE,1,2,19,3,0,3,2,2,4,2,2,4,2,4,3,4,3,4,4,2,4,4,3,2,0.182,28.733,34.001,12,,,,,2,4,4,2,50,,,,,,,,,,,,,,,,,,control
2025-05-09 21:27:35,2025-05-09 21:35:53,0,94,498,0,2025-05-10 21:35:59,R_8EXzdrCZ06G0vQi,anonymous,DE,1,2,42,4,0,2,1,2,3,1,1,4,2,5,1,2,4,2,4,4,2,3,4,4,1.691,33.464,34.2,15,,,,,4,4,4,3,Hoch,,,,,,,,,,,,,,,,,,control
2025-05-09 22:04:02,2025-05-09 22:05:22,0,11,79,0,2025-05-10 22:05:24,R_2pJCbaOICoWIxET,anonymous,NL,1,,,,,,,,,,,,,,,,,,,,,,,,,,,,,,,,,,,,,,,,,,,,,,,,,,,,,,
2025-05-10 05:01:21,2025-05-10 05:02:04,0,11,42,0,2025-05-11 05:02:05,R_1cY5K7UjO3BZ5kD,anonymous,NL,1,,,,,,,,,,,,,,,,,,,,,,,,,,,,,,,,,,,,,,,,,,,,,,,,,,,,,,
2025-05-10 10:10:30,2025-05-10 11:05:24,0,72,3293,0,2025-05-11 11:05:30,R_8nN3MvIBWXQsvWU,anonymous,NL,1,2,60,7,0,2,4,4,4,2,3,4,4,2,3,2,4,4,4,4,3,4,3,3,,,,,,,,,,,,,,,,,,,,,,,,,,,,,,,uncertainty
2025-05-11 11:08:45,2025-05-11 11:16:41,0,100,475,1,2025-05-11 11:16:41,R_8h9nZ0IshQbdM9R,anonymous,DE,1,1,56,4,0,2,4,5,1,4,4,2,4,2,4,1,5,3,5,5,4,3,5,4,,,,,0.449,48.548,50.101,24,2,4,4,3,90,4,4,4,5,2,4,2,4,4,4,4,4,4,1,4,4,,uncertainty
2025-05-10 11:40:33,2025-05-10 11:43:14,0,72,160,0,2025-05-11 11:43:15,R_8mwMCNJgg05Adsg,anonymous,EN-GB,1,1,27,7,0,3,3,4,5,2,4,3,2,4,2,4,2,2,1,3,4,4,2,1,,,,,0.229,33.178,33.884,6,,,,,,,,,,,,,,,,,,,,,,,uncertainty
2025-05-11 12:40:03,2025-05-11 12:48:33,0,100,510,1,2025-05-11 12:48:34,R_8zO4ZaJw21aOjbH,anonymous,DE,1,2,58,6,0,1,1,4,5,2,5,5,2,5,2,4,3,3,3,4,3,3,3,3,17.854,63.646,64.2,16,,,,,1,4,4,4,"90 ",4,3,3,4,2,3,2,4,4,4,4,2,3,2,3,3,,control
2025-05-11 13:34:46,2025-05-11 13:52:24,0,100,1057,1,2025-05-11 13:52:24,R_8wrnUoXY5B2LNmN,anonymous,DE,1,1,70,7,0,1,2,3,2,3,2,4,2,4,2,4,4,4,2,3,4,3,2,3,,,,,18.129,197.942,198.985,77,1,4,4,3,90,4,3,4,4,3,3,2,2,4,4,4,4,3,2,4,3,,uncertainty
2025-05-11 14:16:12,2025-05-11 14:21:49,0,100,337,1,2025-05-11 14:21:50,R_22J7oSz8FJEqNDW,anonymous,NL,1,2,33,7,0,3,4,4,2,3,4,3,4,3,4,4,4,5,3,4,4,2,3,2,4.009,46.075,57.563,6,,,,,4,4,4,4,90%,4,4,4,4,3,4,2,4,4,5,4,5,3,2,3,3,,control
2025-05-11 20:15:35,2025-05-11 20:24:59,0,100,564,1,2025-05-11 20:25:00,R_51BrAYwb0b7C5nc,anonymous,DE,1,1,59,5,0,1,4,4,3,4,4,4,4,4,4,4,3,2,3,4,2,2,3,3,,,,,1.151,42.534,43.879,17,4,4,4,3,75,3,4,3,4,4,3,3,3,4,4,2,4,4,3,3,3,,uncertainty
2025-05-11 20:11:29,2025-05-11 20:26:35,0,100,905,1,2025-05-11 20:26:35,R_2Fl9UVxPjBp35vy,anonymous,DE,1,1,54,4,0,1,3,3,4,4,4,3,3,2,2,3,3,3,2,4,4,2,3,3,,,,,16.094,181.92,182.88,28,2,4,2,4,'+-8%,4,3,4,4,4,3,2,3,4,4,3,4,3,2,3,4,,uncertainty
2025-05-12 09:10:51,2025-05-12 09:18:16,0,100,444,1,2025-05-12 09:18:17,R_8loCsoZ5UaCq2o7,anonymous,NL,1,3,38,7,0,4,1,1,3,1,1,5,2,4,3,4,4,4,1,3,4,2,1,1,0,0,39.733,0,,,,,1,4,4,3,90%,4,4,4,4,2,4,2,4,4,4,4,5,3,1,4,4,,control
2025-05-12 10:38:51,2025-05-12 10:41:59,0,100,188,1,2025-05-12 10:41:59,R_8NmKXMGyuuUlmPr,anonymous,NL,1,1,48,8,0,3,3,3,2,4,3,4,2,4,3,2,2,2,2,2,2,2,2,2,,,,,0.208,52.316,53.305,19,3,3,3,3,lihih,3,3,3,3,3,3,3,3,3,3,3,3,3,3,3,3,,uncertainty
2025-05-12 11:07:13,2025-05-12 11:14:08,0,100,414,1,2025-05-12 11:14:09,R_8GryGgbw0bmqwEN,anonymous,NL,1,1,22,7,0,5,4,4,2,4,2,4,4,4,2,5,1,5,2,1,5,5,1,1,,,,,69.048,139.741,140.254,25,2,4,4,5,82 tot 98%,5,5,4,5,1,5,1,5,4,5,5,4,1,1,5,5,,uncertainty
2025-05-12 11:21:33,2025-05-12 11:29:21,0,100,468,1,2025-05-12 11:29:22,R_2YWE3UUYog019a9,anonymous,NL,1,1,23,6,0,3,2,4,4,2,4,2,2,2,2,4,4,4,2,2,2,4,3,2,0,0,97.459,0,,,,,2,5,4,2,90%,4,2,4,4,2,4,2,2,2,2,4,5,2,2,4,4,,control
2025-05-12 10:31:38,2025-05-12 11:33:05,0,100,3687,1,2025-05-12 11:33:05,R_8zrmmyTdrPPa437,anonymous,NL,1,1,38,7,0,3,3,4,2,4,4,5,4,3,2,4,3,3,3,3,4,3,3,3,5.147,38.339,132.125,5,,,,,1,1,1,4,25,4,4,5,3,3,4,4,2,4,4,4,5,2,1,3,4,,control
2025-05-12 11:45:47,2025-05-12 11:48:51,0,100,184,1,2025-05-12 11:48:52,R_8lnoeZsTkVqKEcQ,anonymous,NL,1,1,21,6,0,2,2,4,1,4,1,4,4,4,2,4,2,4,2,2,4,2,2,1,0,0,33.652,0,,,,,2,5,4,4,17%,4,4,3,4,4,4,4,4,4,3,3,4,3,4,3,4,,control
2025-05-12 12:33:48,2025-05-12 12:34:43,0,100,55,1,2025-05-12 12:34:44,R_89uJkU6SBn5mh3k,anonymous,EN-GB,1,2,30,8,1,5,,,,,,,,,,,,,,,,,,,,,,,,,,,,,,,,,,,,,,,,,,,,,,,,,
2025-05-12 12:45:11,2025-05-12 12:50:11,0,100,300,1,2025-05-12 12:50:12,R_8kOlyfOYra7loAl,anonymous,EN-GB,1,3,19,6,0,1,4,4,2,3,4,1,4,5,4,3,2,4,3,1,3,2,2,1,,,,,0,0,61.804,0,1,1,1,5,around 80-90 percent,4,5,5,4,2,4,4,5,4,5,5,5,2,1,2,4,202015,uncertainty
2025-05-12 12:43:12,2025-05-12 12:53:13,0,100,600,1,2025-05-12 12:53:13,R_2xNnxRmmzZRUUFj,anonymous,EN-GB,1,2,32,8,0,4,4,4,2,4,4,1,4,2,4,4,3,3,3,2,3,2,2,2,,,,,24.604,32.471,129.862,5,2,1,1,1,"9 out of 10 with an error margine, however this can chance for each individual patient",2,4,5,2,2,2,4,1,2,4,4,4,4,2,2,1,,uncertainty
2025-05-12 13:29:30,2025-05-12 13:34:17,0,100,287,1,2025-05-12 13:34:18,R_2yPIZ4yOUWrkNVL,anonymous,NL,1,2,18,6,0,4,1,2,2,2,2,4,3,4,3,5,2,4,3,2,4,3,2,1,0,0,41.135,0,,,,,4,5,4,3,90%,4,4,5,4,3,4,3,4,2,5,5,5,2,1,5,4,199312,control
2025-05-12 14:00:57,2025-05-12 14:16:37,0,100,940,1,2025-05-12 14:16:37,R_8IoTmcAYtEyHApq,anonymous,EN-GB,1,2,27,7,0,3,4,5,4,5,4,2,4,2,4,2,2,2,3,4,1,3,4,3,0,0,91.658,0,,,,,4,4,5,3,9 out of 10 cases,4,1,5,2,1,3,2,3,2,2,3,5,3,1,3,3,,control
2025-05-12 14:09:12,2025-05-12 14:24:01,0,100,888,1,2025-05-12 14:24:02,R_8w1Be3qFtruWsqN,anonymous,EN-GB,1,2,28,8,0,3,3,3,2,2,2,2,3,2,2,4,3,4,4,3,3,2,4,2,,,,,112.496,133.605,151.904,5,2,4,4,2,82-98%,2,4,5,3,4,3,3,3,2,3,3,5,2,3,3,2,,uncertainty
2025-05-11 15:50:39,2025-05-11 15:55:03,0,61,263,0,2025-05-12 15:55:04,R_8GB41LFsJtxhz5N,anonymous,EN-GB,1,2,24,6,0,2,2,2,1,2,3,3,4,4,3,5,3,5,3,2,5,3,2,1,,,,,,,,,,,,,,,,,,,,,,,,,,,,,,,control
2025-05-13 10:33:03,2025-05-13 10:41:09,0,100,486,1,2025-05-13 10:41:10,R_8CI4x7EFzoI7268,anonymous,DE,1,2,31,7,0,3,3,4,4,4,3,4,2,4,3,4,3,4,3,4,4,2,4,2,,,,,0,0,88.145,0,1,2,2,3,82-98%,4,1,3,3,2,3,2,4,3,4,4,4,2,1,3,3,,uncertainty
2025-05-13 11:17:24,2025-05-13 11:26:35,0,100,551,1,2025-05-13 11:26:36,R_2DnCH962qWwPDhA,anonymous,NL,1,1,19,6,0,4,1,4,2,4,3,4,2,4,3,5,3,4,3,4,4,2,2,2,0.741,185.494,186.476,14,,,,,3,3,3,4,50,4,4,4,4,3,3,3,3,4,4,3,3,3,3,3,3,190813,control
2025-05-12 12:22:36,2025-05-12 13:27:04,0,39,3868,0,2025-05-13 13:27:13,R_2MnxlG6J4uoKlpH,anonymous,NL,1,2,26,8,1,3,,,,,,,,,,,,,,,,,,,,,,,,,,,,,,,,,,,,,,,,,,,,,,,,,
2025-05-12 14:00:28,2025-05-12 14:00:56,0,11,28,0,2025-05-13 14:00:59,R_8yps30CvPaz74mR,anonymous,EN-GB,1,,,,,,,,,,,,,,,,,,,,,,,,,,,,,,,,,,,,,,,,,,,,,,,,,,,,,,
2025-05-13 14:05:18,2025-05-13 14:14:40,0,100,562,1,2025-05-13 14:14:41,R_29fv4GK9mHZIgWR,anonymous,NL,1,2,18,6,0,3,4,2,5,1,2,5,4,5,4,5,2,4,2,1,5,5,1,1,1.95,61.419,73.202,5,,,,,2,5,4,4,90%,4,1,5,4,4,2,2,5,2,5,4,5,5,1,4,4,198007,control
2025-05-13 14:16:07,2025-05-13 14:22:37,0,100,390,1,2025-05-13 14:22:38,R_2erflFJ7Oyo9CIc,anonymous,NL,1,2,18,6,0,4,2,3,4,4,2,4,4,4,3,4,3,3,4,3,3,3,3,3,,,,,3.797,110.833,151.199,16,4,4,4,4,90,4,2,4,4,2,4,2,4,3,4,4,3,2,1,4,4,196879,uncertainty
2025-05-13 14:55:09,2025-05-13 15:02:41,0,100,451,1,2025-05-13 15:02:41,R_8v8NsgR4qjUNZap,anonymous,DE,1,1,22,3,0,3,3,4,2,2,2,2,4,4,3,4,4,4,3,3,2,2,3,4,,,,,0,0,144.928,0,1,4,2,4,82,4,2,4,2,1,3,2,4,4,4,3,5,2,4,3,4,200398,uncertainty
2025-05-13 14:57:38,2025-05-13 15:05:07,0,100,449,1,2025-05-13 15:05:08,R_8YsjGytue3F3HBX,anonymous,DE,1,2,23,3,0,4,2,4,4,2,2,4,1,4,4,3,4,4,2,4,4,1,3,2,4.753,16.799,67.601,6,,,,,1,5,4,3,90,4,1,4,5,1,4,2,2,4,4,2,5,2,1,3,4,,control
2025-05-13 15:09:54,2025-05-13 15:13:21,0,100,206,1,2025-05-13 15:13:21,R_8ooovesqcX9JnxG,anonymous,NL,1,2,22,6,0,3,1,1,1,1,1,5,1,4,5,5,3,4,3,2,3,3,2,1,0,0,31.17,0,,,,,4,4,4,3,80,4,2,3,3,3,3,3,3,2,4,3,4,3,2,2,3,199183,control
2025-05-13 15:24:38,2025-05-13 15:26:29,0,100,110,1,2025-05-13 15:26:29,R_226ydh1mRuvvek9,anonymous,NL,1,2,27,8,1,3,,,,,,,,,,,,,,,,,,,,,,,,,,,,,,,,,,,,,,,,,,,,,,,,,
2025-05-13 15:20:46,2025-05-13 15:28:01,0,100,435,1,2025-05-13 15:28:02,R_2CkFNIHoqUsA0A1,anonymous,NL,1,2,24,7,0,3,3,2,1,2,3,2,4,3,2,5,3,5,2,2,5,3,1,1,,,,,0,0,110.591,0,1,4,2,2,8,4,5,5,5,2,4,3,3,1,3,4,5,2,1,4,4,,uncertainty
2025-05-13 15:22:45,2025-05-13 15:29:44,0,100,418,1,2025-05-13 15:29:44,R_2VSrYJshpJMmNP3,anonymous,DE,1,2,25,7,0,4,3,4,2,3,4,4,2,4,3,4,2,4,2,4,4,2,1,1,5.638,86.879,87.416,16,,,,,1,5,5,5,90%,4,2,1,5,2,4,1,5,4,5,3,3,2,1,5,4,,control
2025-05-12 14:09:31,2025-05-12 15:33:42,0,50,5051,0,2025-05-13 15:33:43,R_8oC293qHrbb3Pl3,anonymous,EN-GB,1,1,28,7,0,3,,,,,,,,,,,,,,,,,,,,,,,,,,,,,,,,,,,,,,,,,,,,,,,,,
2025-05-13 15:29:10,2025-05-13 15:34:09,0,100,298,1,2025-05-13 15:34:09,R_27H9skztnDrNVc0,anonymous,NL,1,2,26,8,0,2,3,4,1,4,4,2,4,3,3,4,4,4,2,1,4,1,1,1,,,,,2.645,31.574,33.071,9,3,4,2,4,83,4,5,5,4,2,4,1,2,3,4,4,4,2,1,3,4,,uncertainty
2025-05-13 16:09:39,2025-05-13 16:10:36,0,100,57,1,2025-05-13 16:10:36,R_8CLTf1r6qSNZoOJ,anonymous,NL,1,2,57,7,1,1,,,,,,,,,,,,,,,,,,,,,,,,,,,,,,,,,,,,,,,,,,,,,,,,,
2025-05-13 16:13:43,2025-05-13 16:17:38,0,100,235,1,2025-05-13 16:17:38,R_8qfe4KOKTqKGVT6,anonymous,NL,1,2,30,8,0,4,1,2,4,3,2,5,1,5,3,4,3,5,1,3,4,3,1,1,3.215,30.152,30.945,8,,,,,2,4,3,4,90%,4,4,3,4,2,5,1,4,4,3,3,5,1,2,4,4,,control
2025-05-13 16:22:59,2025-05-13 16:28:14,0,100,314,1,2025-05-13 16:28:14,R_8NyZiQT4crliJOA,anonymous,NL,1,2,23,7,0,3,2,2,3,1,2,2,3,2,3,4,3,3,2,2,2,4,2,2,,,,,0.658,36.635,37.682,15,4,2,2,3,80%,2,4,4,2,3,3,2,4,4,2,3,4,4,4,4,3,,uncertainty
2025-05-13 16:25:14,2025-05-13 16:31:18,0,100,363,1,2025-05-13 16:31:18,R_8bWfo4RaWgoYoZe,anonymous,EN-GB,1,2,20,6,0,3,4,4,1,3,3,4,2,4,2,2,4,4,5,4,4,3,4,1,36.279,36.279,37.247,1,,,,,2,5,5,5,90%,4,5,2,5,1,5,2,5,2,3,4,1,2,2,4,5,201529,control
2025-05-13 16:26:57,2025-05-13 16:34:19,0,100,442,1,2025-05-13 16:34:20,R_6RFKYYb15PN5ArL,anonymous,EN-GB,1,1,23,7,0,5,5,5,1,5,5,2,4,2,4,5,2,4,1,1,4,2,2,2,,,,,3.422,21.102,59.34,5,1,4,4,2,90% with 8% margin of error,4,4,5,3,4,2,4,4,3,4,4,5,4,3,4,4,,uncertainty
2025-05-13 16:44:53,2025-05-13 16:51:34,0,100,400,1,2025-05-13 16:51:34,R_78OObQQJihMgyj4,anonymous,EN-GB,1,1,23,6,0,3,4,4,2,4,3,2,4,1,5,3,5,4,4,5,2,1,5,4,1.006,65.991,66.8,8,,,,,3,2,5,3,.9,2,5,5,2,4,1,2,4,2,4,2,5,4,3,2,2,,control
2025-05-13 16:48:19,2025-05-13 16:52:21,0,100,241,1,2025-05-13 16:52:21,R_2zl0WP6BFEv0x9L,anonymous,NL,1,2,20,6,0,4,1,2,4,1,2,4,1,5,2,4,4,4,2,2,4,3,2,2,,,,,0,0,49.186,0,2,4,2,4,90%,4,1,4,3,2,4,2,3,2,4,3,4,2,1,3,3,198280,uncertainty
2025-05-13 16:47:51,2025-05-13 16:53:53,0,100,361,1,2025-05-13 16:53:54,R_8U6mKuMTr0kNGli,anonymous,NL,1,1,24,6,0,3,1,4,3,2,3,5,1,4,2,4,4,3,2,2,4,3,3,1,,,,,0,0,72.788,0,1,4,2,4,82 tot 98 %,4,1,4,4,2,4,2,5,4,4,5,4,2,1,3,2,,uncertainty
2025-05-12 12:33:47,2025-05-12 17:14:27,0,50,16840,0,2025-05-13 17:14:34,R_8YR9Jh8ZVoeJrNf,anonymous,NL,1,1,24,7,0,2,,,,,,,,,,,,,,,,,,,,,,,,,,,,,,,,,,,,,,,,,,,,,,,,,
2025-05-13 17:35:45,2025-05-13 17:43:20,0,100,454,1,2025-05-13 17:43:20,R_2YhrdyN0f4pgwrA,anonymous,NL,1,2,24,7,0,2,2,4,2,3,2,4,2,4,2,4,3,4,2,4,4,2,3,2,21.836,86.954,94.138,10,,,,,2,5,4,5,90%,4,1,4,4,3,4,3,4,3,4,4,5,3,2,4,4,,control
2025-05-13 17:36:51,2025-05-13 17:46:13,0,100,561,1,2025-05-13 17:46:13,R_2lQ8WNQJHF0Exd7,anonymous,DE,1,1,54,2,0,1,4,4,2,4,3,2,4,2,3,3,4,3,3,4,3,3,3,2,3.86,70.107,71.033,20,,,,,3,3,4,3,85?,4,4,4,3,3,4,2,3,3,3,4,4,3,1,3,4,,control
2025-05-13 19:33:05,2025-05-13 19:41:07,0,100,481,1,2025-05-13 19:41:08,R_2NkK7acqudS6Ea7,anonymous,NL,1,2,22,6,0,3,1,4,4,3,2,4,2,4,3,1,3,1,3,4,4,2,3,1,,,,,9.301,118.164,118.86,11,1,3,2,4,90% met afwijking van 8%,4,4,5,4,2,4,1,5,4,4,5,5,2,1,3,4,,uncertainty
2025-05-13 20:34:13,2025-05-13 20:58:04,0,100,1430,1,2025-05-13 20:58:04,R_2ki4NICGNSmoPnj,anonymous,EN-GB,1,2,23,7,0,5,4,4,2,4,4,2,5,2,3,3,3,3,3,3,3,3,3,3,0,0,122.896,0,,,,,4,4,4,3,90%,4,5,4,4,3,3,2,4,4,4,4,5,2,1,4,4,,control
2025-05-13 22:50:43,2025-05-13 23:06:34,0,100,950,1,2025-05-13 23:06:34,R_8Xck6vRtxZoPYz3,anonymous,NL,1,1,23,7,0,5,5,4,1,4,4,4,4,3,4,5,4,4,3,3,4,5,3,3,,,,,0.028,130.341,131.887,38,1,3,1,3,8,4,1,4,4,3,4,3,2,4,4,4,5,3,1,4,4,,uncertainty
2025-05-13 23:01:16,2025-05-13 23:15:43,0,100,867,1,2025-05-13 23:15:44,R_2VyHXfKf5HIpEcy,anonymous,DE,1,2,57,4,0,1,1,2,3,3,1,4,2,4,2,3,4,3,3,4,3,3,2,2,2.304,155.162,190.174,7,,,,,1,4,4,3,80%,3,3,4,4,2,3,2,3,3,4,3,4,3,3,3,3,,control
2025-05-14 10:01:34,2025-05-14 10:09:00,0,100,446,1,2025-05-14 10:09:01,R_2PrWR6WmdIilRqV,anonymous,DE,1,1,24,6,0,4,5,5,1,5,5,3,3,2,5,4,3,4,3,3,3,2,3,2,0,0,65.003,0,,,,,1,4,4,4,90 Prozent,4,2,3,4,3,4,2,4,4,4,3,3,2,1,3,4,,control
2025-05-13 16:46:55,2025-05-14 11:29:10,0,100,67335,1,2025-05-14 11:29:10,R_2CBmCZOJwJr5dKg,anonymous,NL,1,3,23,6,0,2,4,4,2,3,3,3,3,2,4,4,3,4,2,2,4,3,3,3,,,,,0,0,67.65,0,1,2,1,1,tussen de 82 en 98 procent,3,1,5,3,2,3,3,4,2,4,3,5,4,1,2,2,,uncertainty
2025-05-14 11:50:03,2025-05-14 12:14:38,0,100,1475,1,2025-05-14 12:14:39,R_8jEDWoCGM3ILRfP,anonymous,NL,1,1,77,5,0,2,2,4,4,2,4,5,4,5,4,5,3,5,3,2,4,5,3,3,24.581,85.607,93.165,5,,,,,2,4,4,4,90%,5,4,5,5,2,5,2,4,5,5,4,5,3,1,4,5,,control
2025-05-14 12:17:01,2025-05-14 12:21:06,0,100,244,1,2025-05-14 12:21:06,R_8IWczWyx4koQZGH,anonymous,NL,1,2,19,3,0,2,3,4,5,4,4,4,3,2,4,5,2,4,3,2,3,5,2,2,0.39,45.234,46.947,14,,,,,3,4,4,4,90,4,4,4,4,3,4,4,3,3,4,4,3,4,3,4,4,198748,control
2025-05-14 12:25:59,2025-05-14 12:37:24,0,100,684,1,2025-05-14 12:37:24,R_8OJDJONSpCdhMJw,anonymous,NL,1,1,50,7,0,4,4,4,1,4,5,2,4,4,5,3,3,2,3,4,2,4,2,2,,,,,14.057,99.49,100.234,21,1,5,4,4,"90% met 8% deviatie ",5,5,2,5,1,5,1,5,5,5,5,5,1,1,5,5,,uncertainty
2025-05-14 12:44:50,2025-05-14 12:56:15,0,100,684,1,2025-05-14 12:56:15,R_8Ld5cksbM0jxlvx,anonymous,NL,1,2,52,7,0,2,1,1,5,1,1,5,1,5,1,4,4,4,4,2,4,5,2,1,8.49,94.134,96.342,23,,,,,1,5,5,5,90%,4,1,2,5,1,5,1,4,4,4,4,5,2,3,3,4,,control
2025-05-14 13:08:44,2025-05-14 13:15:04,0,100,380,1,2025-05-14 13:15:05,R_2QQxukeqVBzFvl9,anonymous,EN-GB,1,1,23,7,0,5,4,5,4,4,4,1,4,2,5,5,2,4,1,2,3,5,2,1,,,,,0,0,63.381,0,2,3,1,2,90,4,5,5,4,3,3,2,3,1,4,4,5,3,1,3,4,,uncertainty
2025-05-14 15:00:21,2025-05-14 15:04:26,0,100,244,1,2025-05-14 15:04:27,R_2429R65kBuASaKy,anonymous,NL,1,1,22,6,0,3,1,3,2,3,2,5,1,4,3,3,3,4,2,2,4,4,2,2,,,,,0,0,39.547,0,4,1,2,3,"rond de 82%
",4,1,4,4,2,4,2,4,4,4,3,5,2,1,3,4,191227,uncertainty
2025-05-13 15:56:15,2025-05-13 16:08:53,0,56,757,0,2025-05-14 16:08:54,R_7gcNWWzeO3Wu72F,anonymous,EN-GB,1,1,23,6,0,3,4,3,2,3,4,1,4,4,4,,,,,,,,,,,,,,,,,,,,,,,,,,,,,,,,,,,,,,,,
2025-05-13 16:58:32,2025-05-13 17:08:32,0,56,599,0,2025-05-14 17:08:33,R_8m2UXlBetgzuZL3,anonymous,EN-GB,1,1,21,6,0,3,3,3,3,3,3,3,3,3,3,,,,,,,,,,,,,,,,,,,,,,,,,,,,,,,,,,,,,,,,
2025-05-14 18:00:24,2025-05-14 18:04:36,0,100,252,1,2025-05-14 18:04:36,R_275jhxxGofNLNFD,anonymous,EN-GB,1,1,26,6,0,4,4,4,2,4,4,2,4,3,3,5,2,5,2,4,5,4,2,3,0,0,38.234,0,,,,,1,2,5,1,90,4,2,4,4,2,4,2,1,2,5,4,4,2,1,5,4,198463,control
2025-05-13 19:00:12,2025-05-13 19:12:08,0,39,715,0,2025-05-14 19:12:10,R_80MlM88DYxyWLGM,anonymous,EN-GB,1,2,25,7,1,3,,,,,,,,,,,,,,,,,,,,,,,,,,,,,,,,,,,,,,,,,,,,,,,,,
2025-05-13 19:38:54,2025-05-13 19:41:35,0,72,161,0,2025-05-14 19:41:40,R_82LqZhwoiCjRee5,anonymous,NL,1,2,23,6,0,3,1,4,1,2,2,2,2,4,2,3,3,2,3,3,3,3,2,2,,,,,,,,,,,,,,,,,,,,,,,,,,,,,,,uncertainty
2025-05-14 22:36:31,2025-05-14 22:40:41,0,100,249,1,2025-05-14 22:40:41,R_8fvxge4Mx85BZHQ,anonymous,EN-GB,1,2,18,6,0,3,2,2,2,3,3,4,2,4,3,5,4,5,2,1,4,4,1,1,22.002,23.766,34.058,3,,,,,2,4,4,3,90%,4,4,4,4,4,4,2,3,4,4,4,3,3,1,4,4,204070,control
2025-05-14 22:05:16,2025-05-14 22:53:16,0,100,2880,1,2025-05-14 22:53:17,R_2JlznNFoZepIVIV,anonymous,EN-GB,1,2,25,7,0,3,1,4,1,3,2,4,1,4,2,4,2,3,4,5,2,2,4,2,,,,,0,0,54.131,0,2,4,4,2,90%,4,4,4,4,2,3,3,4,2,4,3,4,2,2,3,4,,uncertainty
2025-05-15 09:25:24,2025-05-15 09:56:37,0,100,1873,1,2025-05-15 09:56:37,R_2Q4qWTkHdWpPxFE,anonymous,NL,1,2,18,6,0,3,3,3,3,3,3,5,4,4,3,4,4,5,4,3,4,3,2,2,,,,,26.748,26.748,113.022,1,2,4,4,5,"tussen 89 en 98 % vgm
9/10 keer",4,2,4,4,2,4,2,4,3,4,4,4,2,2,3,3,198283,uncertainty
2025-05-14 11:39:09,2025-05-14 11:43:54,0,72,285,0,2025-05-15 11:43:54,R_2qsLyMIaQromoVG,anonymous,EN-GB,1,1,35,6,0,3,5,4,1,4,4,1,5,2,4,3,4,3,2,3,2,1,3,3,,,,,8.013,72.856,73.892,5,,,,,,,,,,,,,,,,,,,,,,,uncertainty
2025-05-14 11:44:21,2025-05-14 11:44:27,0,11,6,0,2025-05-15 11:44:30,R_8oSLRuDhIsBOoSV,anonymous,EN-GB,1,,,,,,,,,,,,,,,,,,,,,,,,,,,,,,,,,,,,,,,,,,,,,,,,,,,,,,
2025-05-15 13:40:36,2025-05-15 14:17:01,0,100,2185,1,2025-05-15 14:17:02,R_2PaEGy2kxaWE5Zq,anonymous,NL,1,2,18,6,0,3,2,3,4,2,3,4,4,4,2,5,3,5,1,2,4,4,2,1,,,,,0,0,31.284,0,3,4,3,5,99 procent,2,4,5,4,5,2,2,5,3,5,3,5,2,1,3,3,197758,uncertainty
2025-05-14 15:25:17,2025-05-14 15:29:29,0,50,252,0,2025-05-15 15:29:31,R_8AMEM04BYnmx3PP,anonymous,NL,1,2,74,3,0,2,,,,,,,,,,,,,,,,,,,,,,,,,,,,,,,,,,,,,,,,,,,,,,,,,
2025-05-15 20:02:53,2025-05-15 20:03:51,0,100,58,1,2025-05-15 20:03:51,R_2XqZXni71xQ3KcF,anonymous,NL,2,,,,,,,,,,,,,,,,,,,,,,,,,,,,,,,,,,,,,,,,,,,,,,,,,,,,,,
2025-05-15 20:19:21,2025-05-15 20:23:05,0,100,223,1,2025-05-15 20:23:05,R_2MmtL9Ixrvl6KA1,anonymous,DE,1,2,21,3,0,4,1,4,5,3,2,4,3,2,4,2,5,3,4,5,4,1,5,3,6.386,37.741,38.534,5,,,,,2,4,4,5,90%,4,2,5,3,2,4,2,4,2,5,5,4,2,1,4,4,198412,control
2025-05-15 20:04:08,2025-05-15 20:39:54,0,100,2146,1,2025-05-15 20:39:55,R_2QYFJQtOoW2KUAr,anonymous,NL,1,2,64,6,0,1,2,4,5,4,4,4,2,4,2,5,5,4,4,5,2,2,3,3,,,,,1.521,154.861,155.544,17,4,2,4,4,Om en om 90 procent,4,1,5,4,1,4,2,4,2,4,4,4,2,1,3,4,,uncertainty
2025-05-15 20:08:15,2025-05-15 20:40:07,0,100,1912,1,2025-05-15 20:40:08,R_2gmHFklmAppavoB,anonymous,NL,1,2,86,2,0,1,4,4,5,4,4,4,5,5,4,5,5,4,4,5,4,2,2,3,12.868,143.087,146.519,28,,,,,4,4,4,5,9o,4,5,5,4,1,4,3,4,3,4,4,4,3,1,4,5,,control
2025-05-15 21:27:12,2025-05-15 21:31:46,0,100,273,1,2025-05-15 21:31:46,R_2gpHGmcPMpGHiaR,anonymous,EN-GB,1,2,20,3,0,3,2,2,1,2,2,2,2,4,3,3,3,3,4,4,3,2,4,4,,,,,0,0,93.244,0,2,2,4,4,between 83 % and 98 %,2,4,4,2,4,2,4,3,2,2,2,4,4,4,3,2,196933,uncertainty
2025-05-16 10:06:28,2025-05-16 10:15:22,0,100,533,1,2025-05-16 10:15:22,R_2wAojfIrurAAmKo,anonymous,NL,1,2,24,7,0,2,1,3,4,2,2,4,1,5,2,4,3,3,3,5,2,4,4,5,0,0,53.346,0,,,,,1,5,5,5,"90% is accuraat, gebaseerd op eerder gegevens en diagnoses van eerdere patiënten.",4,1,3,5,1,4,2,5,4,4,5,4,3,1,4,4,,control
2025-05-16 14:03:49,2025-05-16 14:09:11,0,100,322,1,2025-05-16 14:09:11,R_2bD8XzKm2hIgiI1,anonymous,NL,1,2,20,7,0,5,1,1,4,1,1,5,1,1,1,4,3,4,4,2,4,4,3,1,,,,,0,0,61.466,0,4,4,3,4,70,4,3,3,3,4,4,3,4,3,4,3,3,3,4,4,3,200266,uncertainty
2025-05-16 16:36:00,2025-05-16 16:39:26,0,100,206,1,2025-05-16 16:39:26,R_8Ei1ylHojlMaxxz,anonymous,EN-GB,1,2,30,6,0,3,2,2,2,2,2,2,2,3,2,4,3,4,3,2,4,4,2,2,2.675,20.787,75.449,17,,,,,4,3,3,3,30%,4,3,3,3,3,3,3,3,3,4,3,3,3,3,3,3,204784,control
2025-05-15 19:54:22,2025-05-15 19:55:17,0,11,54,0,2025-05-16 19:55:18,R_2McdNniGwyKgeiB,anonymous,NL,1,,,,,,,,,,,,,,,,,,,,,,,,,,,,,,,,,,,,,,,,,,,,,,,,,,,,,,
2025-05-15 20:03:31,2025-05-15 20:05:20,0,50,108,0,2025-05-16 20:05:28,R_2WCJT7EslzTPbCQ,anonymous,NL,1,2,86,2,0,1,,,,,,,,,,,,,,,,,,,,,,,,,,,,,,,,,,,,,,,,,,,,,,,,,
2025-05-17 03:45:24,2025-05-17 03:55:52,0,100,628,1,2025-05-17 03:55:53,R_57wlKWpDyHKiLEy,anonymous,EN-GB,1,1,29,3,0,3,4,4,1,4,2,2,4,2,2,2,4,2,4,5,2,1,4,4,,,,,1.704,89.263,91.205,7,1,4,1,4,"90%, but actually between 82% and 98%.",4,5,5,3,2,3,2,4,3,5,4,5,2,1,2,2,,uncertainty
2025-05-16 11:02:29,2025-05-16 11:08:16,0,50,346,0,2025-05-17 11:08:21,R_8dgLw5e5UJ7qSyY,anonymous,DE,1,1,65,4,0,1,,,,,,,,,,,,,,,,,,,,,,,,,,,,,,,,,,,,,,,,,,,,,,,,,
2025-05-17 11:19:29,2025-05-17 11:21:13,0,100,103,1,2025-05-17 11:21:13,R_8MYygFYXCm37dYT,anonymous,EN-GB,1,2,24,6,1,2,,,,,,,,,,,,,,,,,,,,,,,,,,,,,,,,,,,,,,,,,,,,,,,,,
2025-05-16 13:35:19,2025-05-16 13:57:47,0,83,1347,0,2025-05-17 13:57:51,R_8CZJldHnKRlDyVI,anonymous,NL,1,2,76 jaar.,5,0,2,2,2,4,1,2,4,2,5,2,4,4,4,3,4,2,1,3,3,26.683,166.751,168.531,20,,,,,,,,,,,,,,,,,,,,,,,,,,,control
2025-05-17 13:48:50,2025-05-17 13:58:46,0,100,596,1,2025-05-17 13:58:47,R_8o4c2kvRIcHiCVb,anonymous,DE,1,1,40,3,0,1,5,5,1,5,5,1,5,4,5,5,2,4,3,2,5,4,1,1,0,0,119.247,0,,,,,1,4,5,5,90%,4,1,2,4,2,3,2,4,4,4,3,4,2,1,3,4,,control
2025-05-16 13:57:47,2025-05-16 13:58:50,0,11,63,0,2025-05-17 13:58:57,R_2L7OAwPnjIVRD5R,anonymous,NL,1,,,,,,,,,,,,,,,,,,,,,,,,,,,,,,,,,,,,,,,,,,,,,,,,,,,,,,
2025-05-17 15:03:03,2025-05-17 15:08:52,0,100,348,1,2025-05-17 15:08:52,R_8TUbmrCSkFiJtSZ,anonymous,NL,1,1,20,3,0,4,2,4,3,4,3,4,2,4,5,2,4,4,3,4,4,5,2,3,,,,,3.58,43.495,43.982,17,2,4,2,4,als laag als 82%,4,1,4,4,2,3,2,4,4,2,3,4,2,1,4,4,198982,uncertainty
2025-05-17 16:11:09,2025-05-17 16:17:15,0,100,366,1,2025-05-17 16:17:15,R_2eqbAQpw7IP7ffl,anonymous,NL,1,1,18,6,0,4,2,3,1,3,2,4,2,3,3,4,3,4,3,3,4,2,1,3,25.754,29.037,34.245,2,,,,,4,3,5,3,90%,4,2,5,4,2,4,2,4,4,4,3,5,4,3,3,3,200767,control
2025-05-17 16:35:00,2025-05-17 16:38:09,0,100,188,1,2025-05-17 16:38:09,R_2eq4jFtQx1bTpFD,anonymous,NL,1,2,22,6,0,4,2,2,4,2,2,5,2,5,2,5,3,4,3,2,3,4,1,2,31.023,31.023,31.479,1,,,,,4,4,2,4,90%,4,1,4,3,4,3,3,3,4,4,4,5,4,1,5,4,188830,control
2025-05-17 17:47:01,2025-05-17 17:51:57,0,100,295,1,2025-05-17 17:51:58,R_8ILbhUPju2HXZSV,anonymous,NL,1,2,20,6,0,3,2,1,4,1,2,4,3,4,2,4,3,4,3,3,4,4,2,2,,,,,25.738,70.846,77.019,4,2,1,1,3,"82% tot 98% ",1,1,4,2,4,2,4,2,2,4,2,5,4,1,3,2,198508,uncertainty
2025-05-17 03:39:35,2025-05-17 03:42:19,0,11,164,0,2025-05-18 03:42:21,R_2h0jzqp9xqAyLmp,anonymous,EN-GB,1,,,,,,,,,,,,,,,,,,,,,,,,,,,,,,,,,,,,,,,,,,,,,,,,,,,,,,
2025-05-18 09:01:07,2025-05-18 09:09:06,0,100,478,1,2025-05-18 09:09:06,R_2HzZ1NmhOQL2V1f,anonymous,NL,1,2,24,7,0,2,1,1,4,1,1,2,1,5,2,5,2,4,3,2,4,3,1,1,2.051,65.969,66.429,13,,,,,1,5,5,3,90,4,1,5,4,4,3,2,2,1,5,5,5,2,1,2,4,,control
2025-05-18 12:27:41,2025-05-18 12:34:14,0,100,392,1,2025-05-18 12:34:15,R_4ZXfpHAD3uviIsV,anonymous,EN-GB,1,1,20,5,0,3,3,3,4,3,2,4,5,2,4,4,2,3,2,2,2,2,2,4,,,,,4.328,57.331,58.176,34,2,2,1,5,82-98,4,5,5,4,1,4,4,5,4,1,2,3,4,2,3,3,,uncertainty
2025-05-18 13:34:55,2025-05-18 13:41:12,0,100,376,1,2025-05-18 13:41:12,R_20JdsTSrAMeS5Kq,anonymous,NL,1,1,29,6,0,4,2,4,2,2,4,4,4,4,4,4,2,4,1,5,5,5,3,1,1.747,41.635,42,15,,,,,2,3,5,4,Redelijk betrouwbaar,4,4,4,5,2,5,1,2,4,5,5,5,4,1,4,4,,control
2025-05-18 14:04:56,2025-05-18 14:09:29,0,100,272,1,2025-05-18 14:09:29,R_2MRtb7kAYovqQzR,anonymous,NL,1,2,19,6,0,1,1,1,3,1,1,5,1,3,4,5,3,5,1,2,4,3,1,1,0,0,68.497,0,,,,,4,5,5,3,90%,4,1,3,4,2,3,2,4,4,5,4,5,3,1,3,3,197617,control
2025-05-18 16:01:46,2025-05-18 16:06:00,0,100,253,1,2025-05-18 16:06:01,R_2ZVwU7AXfy9OjPG,anonymous,NL,1,2,27,7,0,5,1,4,4,4,4,4,2,4,4,4,3,3,3,3,3,2,3,3,,,,,2.344,26.975,35.043,13,3,3,3,3,82,3,3,4,4,3,3,3,3,4,3,3,3,3,3,4,3,,uncertainty
2025-05-17 16:15:10,2025-05-17 16:16:31,0,72,81,0,2025-05-18 16:16:34,R_2uKiOccfpIkA98X,anonymous,NL,1,1,20,6,0,5,3,1,3,3,3,3,3,3,3,2,3,2,2,3,2,3,3,3,,,,,,,,,,,,,,,,,,,,,,,,,,,,,,200767,uncertainty
2025-05-18 17:32:50,2025-05-18 17:54:32,0,100,1302,1,2025-05-18 17:54:33,R_2dsiDQxoJU79DzN,anonymous,NL,1,1,24,6,0,4,5,5,3,5,5,2,5,2,5,4,3,4,4,3,3,4,2,1,4.139,60.127,61.784,5,,,,,1,5,5,4,90%,4,5,4,4,4,4,2,1,4,2,4,5,3,1,4,4,,control
2025-05-18 18:03:02,2025-05-18 18:10:35,0,100,452,1,2025-05-18 18:10:35,R_8HucYyXkSqS1xlX,anonymous,NL,1,1,23,6,0,2,1,2,4,2,3,5,4,5,5,3,3,5,3,2,5,4,2,3,2.625,62.884,84.601,8,,,,,1,4,1,3,"90%, erg betrouwbaar. Het wordt vooral als hulpmiddel gepromoot, met dan een voorbeeld waarin de arts gereduceerd wordt tot intoetspersoon. ",4,4,5,4,2,4,1,2,4,3,2,5,2,1,4,5,,control
2025-05-18 21:43:34,2025-05-18 21:50:58,0,100,444,1,2025-05-18 21:50:59,R_2qUiyx1wLZ7lHQN,anonymous,NL,1,1,31,7,0,4,2,2,2,3,2,4,3,4,2,4,3,4,3,3,3,2,3,2,,,,,3.679,104.269,106.555,21,1,4,4,3,90 +/- 8%,4,2,4,4,3,3,2,2,4,4,4,5,4,1,3,3,,uncertainty
2025-05-18 21:54:19,2025-05-18 21:56:12,0,100,113,1,2025-05-18 21:56:12,R_2dXqATBLYtE8XN7,anonymous,NL,1,2,27,8,1,4,,,,,,,,,,,,,,,,,,,,,,,,,,,,,,,,,,,,,,,,,,,,,,,,,
2025-05-18 22:16:26,2025-05-18 22:22:11,0,100,344,1,2025-05-18 22:22:11,R_2hilKLYFRJkZDWj,anonymous,NL,1,2,26,8,0,3,1,2,2,2,2,4,1,4,2,5,2,4,2,1,5,4,2,1,,,,,0.13,31.93,59.992,5,1,4,4,4,90 procent(82 tot 98,1,4,5,4,2,3,4,4,2,4,4,5,2,1,4,3,,uncertainty
2025-05-18 23:19:40,2025-05-18 23:20:44,0,100,64,1,2025-05-18 23:20:45,R_842HXFNpnjXr4Fz,anonymous,NL,1,1,43,6,1,1,,,,,,,,,,,,,,,,,,,,,,,,,,,,,,,,,,,,,,,,,,,,,,,,189979,
2025-05-19 08:58:59,2025-05-19 09:04:05,0,100,306,1,2025-05-19 09:04:06,R_8qjWFXBE2HrXdXF,anonymous,NL,1,2,21,6,0,3,2,3,2,3,2,4,2,4,2,4,3,3,3,4,3,3,3,2,0,0,62.64,0,,,,,2,5,5,5,90%,4,1,5,4,3,4,2,5,4,4,3,5,3,1,4,4,181582,control
2025-05-19 09:18:08,2025-05-19 09:20:56,0,100,167,1,2025-05-19 09:20:56,R_2iD1IQ749fvbxMU,anonymous,NL,1,2,21,6,0,2,2,2,4,2,1,4,1,4,1,2,5,1,5,5,2,1,4,3,,,,,0,0,31.7,0,2,4,2,3,99%,1,2,5,2,2,1,4,4,1,2,2,5,4,2,2,2,196690,uncertainty
2025-05-19 09:23:30,2025-05-19 09:26:42,0,100,191,1,2025-05-19 09:26:43,R_2CcuTqHt2UZQBs5,anonymous,EN-GB,1,2,20,6,0,2,3,2,2,3,3,3,2,2,2,2,2,4,3,2,3,4,3,2,0,0,94.99,0,,,,,4,3,3,3,?,3,3,3,3,3,3,3,3,3,3,3,3,3,3,3,3,198238,control
2025-05-19 10:46:16,2025-05-19 10:50:59,0,100,283,1,2025-05-19 10:51:00,R_82GlOejq7LW30dp,anonymous,NL,1,2,20,6,0,2,1,1,4,2,1,4,2,4,1,4,4,4,3,2,4,1,2,2,0,0,68.001,0,,,,,3,5,4,4,90,4,1,3,4,1,1,1,5,3,3,4,4,1,1,4,4,190651,control
2025-05-19 10:45:56,2025-05-19 10:51:11,0,100,315,1,2025-05-19 10:51:12,R_2OJXka0OnyPiqgK,anonymous,NL,1,1,20,3,0,4,2,4,2,3,2,4,4,3,3,5,2,4,3,2,4,4,2,1,0,0,59.073,0,,,,,2,5,5,4,90 procent,4,4,4,4,2,4,2,5,3,4,4,3,2,1,4,4,199147,control
2025-05-19 11:13:10,2025-05-19 11:14:06,0,100,56,1,2025-05-19 11:14:06,R_8KvWoHlB6tFNNov,anonymous,NL,1,2,21,6,1,3,,,,,,,,,,,,,,,,,,,,,,,,,,,,,,,,,,,,,,,,,,,,,,,,199015,
2025-05-18 11:26:39,2025-05-18 11:28:39,0,50,120,0,2025-05-19 11:28:44,R_8TQvugJCn1WyD3b,anonymous,NL,1,2,25,7,0,3,,,,,,,,,,,,,,,,,,,,,,,,,,,,,,,,,,,,,,,,,,,,,,,,,
2025-05-19 11:51:19,2025-05-19 11:58:40,0,100,440,1,2025-05-19 11:58:40,R_8OePZceH7Dd8Yfc,anonymous,NL,1,2,24,7,0,4,1,1,4,1,1,5,1,5,1,5,2,4,1,4,4,2,1,1,,,,,9.333,60.51,61.055,4,1,2,5,5,82-98%,4,1,4,4,2,4,2,5,4,4,4,2,2,1,4,4,,uncertainty
2025-05-18 12:49:36,2025-05-18 12:55:51,0,94,375,0,2025-05-19 12:55:53,R_2cYBTHk9syPLzay,anonymous,NL,1,1,21,6,0,5,4,5,5,4,4,2,4,4,4,5,3,4,4,3,2,4,3,3,,,,,2.436,43.675,44.153,9,2,4,4,2,90%,,,,,,,,,,,,,,,,,,uncertainty
2025-05-19 13:43:29,2025-05-19 13:50:59,0,100,449,1,2025-05-19 13:50:59,R_8QtqiHRQDnVkiD4,anonymous,NL,1,2,19,6,0,3,1,2,1,2,2,5,2,5,3,4,4,5,2,2,4,3,1,2,,,,,0,0,104.004,0,2,4,1,2,"82 tot 98 procent van de gevallen accuraat ",4,1,5,4,3,3,2,4,2,2,3,5,3,1,3,3,197296,uncertainty
2025-05-19 15:49:29,2025-05-19 15:50:35,0,100,65,1,2025-05-19 15:50:36,R_82JzgovIv2wWqWf,anonymous,NL,1,2,20,6,1,2,,,,,,,,,,,,,,,,,,,,,,,,,,,,,,,,,,,,,,,,,,,,,,,,198496,
2025-05-19 15:51:10,2025-05-19 16:04:07,0,100,777,1,2025-05-19 16:04:07,R_81jSW6MyDMcWXnC,anonymous,NL,1,2,20,6,0,3,3,3,3,3,4,4,2,3,2,3,4,3,2,2,4,3,2,3,,,,,0,0,382.767,0,3,2,4,3,82%,3,2,3,3,2,4,3,3,4,4,2,3,4,3,3,4,198496,uncertainty
2025-05-18 16:13:06,2025-05-18 16:17:14,0,94,247,0,2025-05-19 16:17:15,R_8PS92qMy22cLyaz,anonymous,EN-GB,1,2,33,6,0,4,4,4,5,2,3,4,5,4,4,3,5,3,2,4,2,3,4,4,,,,,0.906,37.744,39.046,18,3,4,4,4,70,,,,,,,,,,,,,,,,,,uncertainty
2025-05-19 16:25:38,2025-05-19 16:30:36,0,100,297,1,2025-05-19 16:30:36,R_8vNADd6ktY6sxnX,anonymous,NL,1,2,26,8,0,3,1,3,3,2,4,4,2,4,3,4,3,4,3,2,3,2,2,1,7.101,68.782,69.374,5,,,,,1,4,2,3,90%,4,1,5,4,1,3,2,5,3,4,4,5,2,1,3,4,,control
2025-05-18 16:30:02,2025-05-18 16:34:19,0,56,257,0,2025-05-19 16:34:22,R_20YHJQQy3RJ2tlA,anonymous,NL,1,2,26,8,0,3,2,4,2,3,2,2,2,4,2,,,,,,,,,,,,,,,,,,,,,,,,,,,,,,,,,,,,,,,,
2025-05-19 17:58:15,2025-05-19 18:03:27,0,100,312,1,2025-05-19 18:03:28,R_805XBK1W9UdE95G,anonymous,NL,1,2,18,6,0,5,1,3,1,1,1,4,1,5,2,4,3,3,2,3,3,4,3,1,,,,,0,0,40.855,0,2,3,2,4,82-90,3,2,5,2,4,2,2,4,2,3,2,4,2,1,2,2,198187,uncertainty
2025-05-19 20:09:52,2025-05-19 20:10:37,0,100,45,1,2025-05-19 20:10:39,R_2xjMj4dVjDM1HHz,anonymous,NL,1,1,21,6,1,4,,,,,,,,,,,,,,,,,,,,,,,,,,,,,,,,,,,,,,,,,,,,,,,,170215,
2025-05-19 09:10:46,2025-05-19 09:13:16,0,56,150,0,2025-05-20 09:13:17,R_24oUTgWyBbBWpaR,anonymous,NL,1,2,24,7,0,2,2,4,4,1,2,4,2,5,2,,,,,,,,,,,,,,,,,,,,,,,,,,,,,,,,,,,,,,,,
2025-05-20 09:26:50,2025-05-20 09:31:30,0,100,279,1,2025-05-20 09:31:30,R_2hzPZ6vAVU3apkR,qr,NL,1,2,22,6,0,1,1,1,2,1,2,4,1,3,1,5,4,5,5,4,3,1,5,1,9.772,57.9,59.003,9,,,,,4,4,5,1,90%,1,3,5,1,4,1,5,1,1,1,2,5,1,1,1,1,,control
2025-05-19 15:10:51,2025-05-19 15:11:39,0,56,47,0,2025-05-20 15:11:48,R_8DHW5o76Dp1cmVr,anonymous,NL,1,1,18,3,0,5,1,1,1,1,1,5,1,4,2,,,,,,,,,,,,,,,,,,,,,,,,,,,,,,,,,,,,,,,197650,
2025-05-20 16:12:33,2025-05-20 16:16:59,0,100,266,1,2025-05-20 16:17:00,R_2tKY1AMnxSSMAGj,anonymous,NL,1,1,20,6,0,4,2,4,4,3,3,4,3,3,3,4,3,4,2,2,4,4,2,2,,,,,0,0,70.455,0,4,3,2,2,82-98 procent,3,4,4,4,3,3,2,3,3,4,3,4,3,2,4,3,200458,uncertainty
2025-05-20 19:11:16,2025-05-20 19:17:00,0,100,344,1,2025-05-20 19:17:01,R_84B3vEhQ8MiLDYK,anonymous,NL,1,1,20,6,0,3,2,3,3,3,2,2,4,3,4,4,4,4,3,4,4,4,3,3,0,0,91.412,0,,,,,1,5,5,5,90%,4,2,4,4,2,4,2,3,2,4,3,4,3,1,3,4,199615,control
2025-05-20 19:50:33,2025-05-20 20:03:52,0,100,798,1,2025-05-20 20:03:52,R_8Fo4q4sTv4IyW0V,anonymous,NL,1,1,68,7,0,2,4,5,3,4,5,4,5,2,3,4,4,4,4,3,4,2,3,2,16.035,132.198,133.383,20,,,,,1,4,4,4,Groot,4,5,5,5,1,5,1,5,4,5,5,5,1,1,5,5,,control
2025-05-20 20:04:25,2025-05-20 20:23:11,0,100,1125,1,2025-05-20 20:23:12,R_2AGTPy5nyPFyOBQ,anonymous,NL,1,2,67,2,0,1,3,3,3,3,3,2,3,3,3,1,2,2,2,2,4,2,2,4,,,,,7.402,86.362,87.947,16,2,3,4,4,Groot,1,3,1,1,3,1,3,2,2,2,2,3,1,3,3,2,,uncertainty
2025-05-20 20:25:36,2025-05-20 20:32:06,0,100,390,1,2025-05-20 20:32:07,R_2RwmLChGbTFDly0,anonymous,DE,1,2,37,7,0,2,2,2,4,3,2,3,2,3,2,4,4,3,3,4,3,3,2,2,0.156,69.185,71.466,6,,,,,1,5,4,3,88,4,4,3,4,2,4,2,4,3,4,4,4,3,1,4,4,,control
2025-05-20 23:57:53,2025-05-21 00:04:51,0,100,417,1,2025-05-21 00:04:51,R_2aXZnuwugaIAoQV,anonymous,NL,1,2,18,6,0,1,3,5,2,4,4,3,4,2,4,5,5,4,4,4,2,4,2,3,,,,,5.207,107.637,135.052,11,2,4,4,4,90,4,4,5,4,2,1,2,4,2,4,1,5,3,1,3,4,198493,uncertainty
2025-05-21 11:15:37,2025-05-21 11:25:13,0,100,576,1,2025-05-21 11:25:13,R_2P2riP8kcIYg7jr,anonymous,NL,1,2,19,6,0,2,1,3,5,2,1,5,2,4,2,4,3,4,3,2,4,4,1,1,0,0,56.53,0,,,,,2,5,4,5,90%,5,4,4,4,2,4,2,3,4,5,4,4,1,2,3,4,197668,control
2025-05-21 12:51:35,2025-05-21 12:53:07,0,100,91,1,2025-05-21 12:53:07,R_8NJ2lSqZpg4iul4,anonymous,EN-GB,1,2,21,6,1,2,,,,,,,,,,,,,,,,,,,,,,,,,,,,,,,,,,,,,,,,,,,,,,,,190360,
2025-05-21 13:47:41,2025-05-21 13:52:36,0,100,295,1,2025-05-21 13:52:37,R_8LYaKM3pN1AAXQ8,anonymous,DE,1,2,26,6,0,4,1,2,4,2,1,4,1,2,1,2,5,4,2,4,3,2,4,1,,,,,0,0,42.762,0,2,2,4,4,80-90 prozent,4,4,4,4,2,3,2,4,4,2,3,5,2,1,4,4,189766,uncertainty
2025-05-21 13:45:20,2025-05-21 14:02:08,0,100,1008,1,2025-05-21 14:02:09,R_8UWn2zkciIrB52j,anonymous,EN-GB,1,2,20,6,0,3,1,2,4,1,2,4,2,5,4,4,3,4,3,4,3,2,3,3,0,0,88.383,0,,,,,2,4,4,4,"I think it was 90 percent accuracy. ",3,2,4,3,3,3,2,4,3,2,3,5,3,1,3,3,199282,control
2025-05-21 14:21:46,2025-05-21 14:26:49,0,100,303,1,2025-05-21 14:26:50,R_2rTUODDxSwX7hkY,anonymous,NL,1,1,19,6,0,4,2,3,3,2,1,4,2,4,4,5,2,4,2,2,4,2,1,1,,,,,0,0,111.468,0,4,2,2,3,90%,2,2,4,2,4,2,3,1,2,4,3,5,2,1,3,3,199639,uncertainty
2025-05-20 16:53:53,2025-05-20 17:42:28,0,50,2914,0,2025-05-21 17:42:29,R_8FqAw1mvtQVoxzd,anonymous,NL,1,3,24,7,0,5,,,,,,,,,,,,,,,,,,,,,,,,,,,,,,,,,,,,,,,,,,,,,,,,,
2025-05-21 18:25:34,2025-05-21 18:33:19,0,100,464,1,2025-05-21 18:33:19,R_21KMpz2cAxEtcuC,anonymous,NL,1,2,23,6,0,2,2,4,4,2,4,4,2,4,3,4,4,4,3,4,2,3,3,3,0,0,54.967,0,,,,,2,3,3,1,65,2,1,5,2,3,2,3,2,2,3,1,4,4,2,4,2,170257,control
2025-05-22 09:04:39,2025-05-22 09:09:54,0,100,314,1,2025-05-22 09:09:57,R_8mQ0WhVCK3xzmrg,anonymous,NL,1,2,19,3,0,3,2,3,2,3,2,5,2,4,4,5,2,4,2,3,4,4,1,1,,,,,0,0,69.319,0,1,4,5,4,"90%, maar met afwijking van 8%. Dus tussen de 82% en 98%",2,3,4,2,4,2,4,4,2,3,2,4,4,3,2,2,199636,uncertainty
2025-05-22 10:15:18,2025-05-22 10:19:57,0,100,278,1,2025-05-22 10:19:57,R_2O1U9m2BgJUMH1v,qr,NL,1,1,22,3,0,2,2,2,4,2,4,4,2,4,4,4,2,4,2,4,3,4,1,2,0.098,29.902,31.298,13,,,,,3,2,4,3,Geen idee,3,1,1,3,4,4,2,3,3,4,4,4,3,3,3,3,,control
2025-05-22 10:35:21,2025-05-22 10:35:51,0,100,30,1,2025-05-22 10:35:52,R_8OlEQwIl7bckldB,anonymous,NL,1,2,24,6,1,1,,,,,,,,,,,,,,,,,,,,,,,,,,,,,,,,,,,,,,,,,,,,,,,,164566,
2025-05-22 11:05:34,2025-05-22 11:12:09,0,100,395,1,2025-05-22 11:12:10,R_8ilGIssm41enpO9,anonymous,NL,1,2,20,6,0,3,2,4,3,5,3,3,4,2,3,4,4,4,2,3,4,3,3,2,,,,,0,0,69.122,0,4,4,4,5,83-95%,5,1,4,5,2,5,3,5,4,4,4,5,2,1,3,4,198769,uncertainty
2025-05-22 11:05:56,2025-05-22 11:12:55,0,100,419,1,2025-05-22 11:12:56,R_2IddsKQXELGoCCh,qr,NL,1,1,24,7,0,5,4,5,2,5,4,2,4,4,5,4,4,4,2,5,4,2,2,2,,,,,7.024,60.461,60.981,7,2,2,4,2,"Tussen de 82% en 93% nauwkeurig. ",4,2,5,4,2,4,2,4,2,2,5,5,2,2,4,5,,uncertainty
2025-05-21 13:59:09,2025-05-21 13:59:48,0,50,39,0,2025-05-22 13:59:52,R_81BrE6vyzRWCzK4,anonymous,EN-GB,1,2,27,8,0,5,,,,,,,,,,,,,,,,,,,,,,,,,,,,,,,,,,,,,,,,,,,,,,,,,
2025-05-22 15:22:01,2025-05-22 15:28:50,0,100,408,1,2025-05-22 15:28:51,R_2l3ucy8BOf8tpna,anonymous,NL,1,2,24,6,0,2,2,4,2,3,4,4,3,4,4,4,4,4,4,4,2,2,1,1,0,0,93.683,0,,,,,1,5,5,3,90%,2,1,5,4,2,4,2,4,2,1,4,5,2,1,4,3,187123,control
2025-05-22 15:25:34,2025-05-22 15:29:48,0,100,253,1,2025-05-22 15:29:48,R_8U0eE4BxSNcjr0t,anonymous,NL,1,1,22,6,0,4,3,3,2,2,2,2,2,3,3,4,3,4,2,2,5,4,2,2,,,,,70.551,70.551,91.004,1,2,5,3,5,82 tot 98%,4,4,4,4,3,4,4,3,5,4,3,3,4,3,3,4,201136,uncertainty
2025-05-22 16:00:37,2025-05-22 16:08:00,0,100,443,1,2025-05-22 16:08:01,R_2gBBqkfY74NgcAN,anonymous,NL,1,1,21,6,0,2,2,2,4,3,4,4,1,2,4,4,4,4,3,4,3,1,3,1,0,0,102.912,0,,,,,1,2,5,4,90 procent,2,1,2,5,1,5,4,5,4,5,5,3,1,1,4,5,193417,control
2025-05-22 19:03:23,2025-05-22 19:09:42,0,100,379,1,2025-05-22 19:09:43,R_2eeQqmQK16UdjUi,anonymous,NL,1,2,20,6,0,3,1,4,4,2,3,4,4,2,4,4,4,4,2,3,4,4,1,4,,,,,63.202,63.202,80.825,1,4,4,4,3,90,4,1,4,4,1,4,2,3,4,5,4,5,4,1,4,4,179236,uncertainty
2025-05-23 17:34:37,2025-05-23 17:39:20,0,100,283,1,2025-05-23 17:39:21,R_8G50LNE5qhFas8h,anonymous,NL,1,2,24,7,0,4,4,4,4,4,4,2,4,2,4,5,3,4,3,4,4,3,2,3,1.17,37.452,38.618,4,,,,,1,5,4,4,90,4,5,5,4,2,4,2,2,2,4,4,5,2,1,4,4,,control
2025-05-23 17:31:36,2025-05-23 17:56:55,0,100,1519,1,2025-05-23 17:56:56,R_8bZXnkx131pzT1e,anonymous,EN-GB,1,1,22,3,0,3,2,4,4,3,3,2,4,2,4,4,4,4,3,3,2,3,4,3,,,,,459.156,459.156,658.844,1,4,4,5,4,82-98%,5,2,5,4,2,3,3,4,2,4,3,4,2,1,3,4,202369,uncertainty
2025-05-23 18:18:38,2025-05-23 18:22:49,0,100,250,1,2025-05-23 18:22:50,R_2YsqjsrtFb9VCjT,anonymous,NL,1,1,20,6,0,3,2,4,2,3,3,3,3,5,4,4,4,3,3,2,4,4,2,2,0,0,31.922,0,,,,,4,4,3,4,"redelijk nauwkeurig ",4,1,4,4,2,4,2,3,4,3,2,4,3,1,3,4,198778,control
2025-05-24 14:08:31,2025-05-24 14:09:29,0,100,57,1,2025-05-24 14:09:29,R_8Egsb3xN3idyFSp,anonymous,NL,1,1,23,7,1,5,,,,,,,,,,,,,,,,,,,,,,,,,,,,,,,,,,,,,,,,,,,,,,,,,
2025-05-24 14:19:28,2025-05-24 14:24:54,0,100,325,1,2025-05-24 14:24:54,R_8UbIQPzcB6clyHh,anonymous,NL,1,1,23,7,0,5,5,5,1,5,5,2,5,2,5,5,4,4,2,2,4,4,1,3,0,0,66.488,0,,,,,1,5,4,2,90%,4,4,5,2,2,4,1,1,2,4,4,5,4,1,4,2,,control
2025-05-23 17:24:40,2025-05-23 17:31:44,0,83,424,0,2025-05-24 17:31:46,R_8jvUTCvrYSaMZ78,anonymous,EN-GB,1,2,24,7,0,4,3,5,2,4,4,2,4,4,4,5,3,4,3,4,4,2,2,3,9.659,91.224,95.876,16,,,,,,,,,,,,,,,,,,,,,,,,,,,control
2025-05-23 17:33:06,2025-05-23 17:33:55,0,72,49,0,2025-05-24 17:34:02,R_8Odm9Q3phHFHmA7,anonymous,EN-GB,1,2,23,7,0,4,3,3,3,3,3,3,3,3,3,3,3,3,3,3,3,3,3,3,,,,,,,,,,,,,,,,,,,,,,,,,,,,,,,uncertainty
2025-05-25 12:24:26,2025-05-25 12:30:45,0,100,379,1,2025-05-25 12:30:46,R_8JFRuQsbzowu5Sp,anonymous,NL,1,2,21,6,0,1,2,2,4,3,2,4,4,2,3,2,2,2,4,5,4,3,3,3,,,,,5.593,5.593,77.71,1,2,4,4,5,De MDSS is in 90% van de gevallen accuraat met de analyse met een afwijking van ongeveer 8%,2,4,5,2,4,1,3,4,2,4,4,5,5,1,1,3,201109,uncertainty
2025-05-24 14:09:49,2025-05-24 14:10:08,0,39,18,0,2025-05-25 14:10:09,R_21vAQWzpDMG77Pq,anonymous,NL,1,1,23,7,1,5,,,,,,,,,,,,,,,,,,,,,,,,,,,,,,,,,,,,,,,,,,,,,,,,,
2025-05-25 16:02:05,2025-05-25 16:12:01,0,100,596,1,2025-05-25 16:12:02,R_8KhnGSiQHFSTC2R,anonymous,DE,1,2,25,6,0,4,1,2,4,1,2,5,2,5,2,5,2,5,2,3,4,4,2,1,,,,,4.401,80.254,81.002,6,2,4,5,5,"Zwischen 86 und 98% ",4,4,3,4,1,4,2,4,4,5,4,4,1,1,4,4,,uncertainty
2025-05-25 18:05:51,2025-05-25 18:11:23,0,100,331,1,2025-05-25 18:11:23,R_2YWmjF1NiORNjtj,anonymous,EN-GB,1,1,25,6,0,4,4,4,4,5,4,2,4,4,5,4,4,3,3,2,3,4,3,2,1.804,25.137,31.171,25,,,,,1,4,4,3,90%,4,5,5,4,2,3,2,4,4,5,4,4,2,1,3,4,,control
2025-05-25 18:45:25,2025-05-25 18:50:48,0,100,322,1,2025-05-25 18:50:48,R_839wXEmzHaSqhzz,anonymous,NL,1,2,22,3,0,3,1,1,1,1,1,5,2,5,1,3,2,4,2,4,3,3,1,1,0,0,83.581,0,,,,,1,5,3,4,90%,4,3,4,5,1,4,1,4,3,5,4,5,2,1,3,4,201589,control
2025-05-25 22:36:45,2025-05-25 22:40:35,0,100,230,1,2025-05-25 22:40:36,R_8U3YxANHaY01x7C,anonymous,EN-GB,1,2,20,6,0,5,4,4,2,4,4,2,3,2,5,4,4,5,4,5,4,2,4,3,,,,,0,0,39.881,0,1,4,5,2,90%,4,5,4,4,4,2,2,2,2,5,4,5,4,2,4,4,176947,uncertainty
2025-05-26 09:24:42,2025-05-26 09:27:12,0,100,149,1,2025-05-26 09:27:12,R_2z5KV6OFBN9khvX,anonymous,NL,1,2,19,6,0,2,2,3,2,3,4,2,2,2,3,4,4,3,3,4,3,2,3,2,0,0,33.486,0,,,,,2,2,2,3,90 %,2,3,2,4,3,2,2,3,2,2,3,2,3,2,3,2,199648,control
2025-05-26 11:36:18,2025-05-26 11:48:39,0,100,741,1,2025-05-26 11:48:40,R_8ty4VAmO51faHTv,anonymous,NL,1,1,36,6,0,1,3,4,4,3,3,4,3,4,3,5,2,4,3,2,4,3,2,2,,,,,0,0,350.196,0,1,4,4,4,90,4,4,5,4,2,4,2,4,4,5,4,4,3,1,3,4,,uncertainty
2025-05-26 13:30:59,2025-05-26 13:35:28,0,100,268,1,2025-05-26 13:35:28,R_8s8iT1FyJ7rxt0l,anonymous,NL,1,2,18,6,0,4,1,2,2,3,1,5,2,5,4,4,4,4,5,3,4,4,2,2,0,0,56.226,0,,,,,3,5,5,3,90%,4,1,3,4,2,4,3,4,4,4,4,4,3,1,4,4,197473,control
2025-05-26 14:01:50,2025-05-26 14:06:08,0,100,258,1,2025-05-26 14:06:08,R_839q0g2jbUaImBD,anonymous,NL,1,2,19,6,0,4,1,2,3,2,2,5,1,4,2,5,4,4,2,3,4,4,2,2,,,,,0,0,35.04,0,3,4,3,4,90 procent (+-8),4,1,3,4,2,4,2,3,3,4,4,5,2,1,4,4,196699,uncertainty
2025-05-26 16:12:21,2025-05-26 16:15:09,0,100,167,1,2025-05-26 16:15:09,R_2zTHdjjfF9mvthy,anonymous,NL,1,2,22,6,0,5,2,3,2,4,3,5,2,5,3,4,3,4,3,4,4,2,1,1,,,,,0,0,35.814,0,1,4,4,4,90%,4,3,4,5,4,4,2,3,3,4,5,4,2,1,3,4,197986,uncertainty
2025-05-26 16:46:10,2025-05-26 17:04:41,0,100,1111,1,2025-05-26 17:04:42,R_8jeUVve9b0Le8dF,anonymous,NL,1,2,21,6,0,3,1,4,3,2,1,5,2,4,4,4,2,4,2,2,4,4,2,1,,,,,0,0,101.067,0,2,4,4,4,82 tot 94 procent dacht ik,4,2,4,4,3,4,2,5,4,3,2,4,3,1,4,3,187132,uncertainty
2025-05-26 17:06:16,2025-05-26 17:07:19,0,100,62,1,2025-05-26 17:07:19,R_2eY8YrM3e7FA4oy,anonymous,NL,1,2,20,6,1,4,,,,,,,,,,,,,,,,,,,,,,,,,,,,,,,,,,,,,,,,,,,,,,,,198343,
2025-05-26 17:07:28,2025-05-26 17:07:50,0,100,21,1,2025-05-26 17:07:50,R_8PcKVXX5QhzfqS7,anonymous,NL,1,2,20,6,1,4,,,,,,,,,,,,,,,,,,,,,,,,,,,,,,,,,,,,,,,,,,,,,,,,198343,
2025-05-26 20:20:37,2025-05-26 20:23:39,0,100,182,1,2025-05-26 20:23:39,R_22fpz5OtBH4nFem,anonymous,NL,1,2,20,6,0,3,3,3,3,3,3,3,3,3,3,4,4,4,4,4,4,4,4,4,0,0,71.711,0,,,,,4,5,4,4,90%,3,3,3,3,3,3,3,3,3,3,3,3,3,3,3,3,198958,control
2025-05-26 21:03:35,2025-05-26 21:04:14,0,100,38,1,2025-05-26 21:04:14,R_8noyJuPUpnpBFhx,anonymous,NL,1,2,20,3,1,5,,,,,,,,,,,,,,,,,,,,,,,,,,,,,,,,,,,,,,,,,,,,,,,,201100,
2025-05-26 22:33:06,2025-05-26 22:37:34,0,100,268,1,2025-05-26 22:37:35,R_2NQfgkTOkKZrjf9,anonymous,DE,1,2,20,6,0,4,3,3,2,3,2,4,4,4,4,2,4,4,4,2,4,2,3,2,0,0,51.288,0,,,,,3,4,4,4,90%,4,1,4,2,3,3,2,4,2,4,4,5,3,1,3,3,197491,control
2025-05-26 23:17:15,2025-05-26 23:27:18,0,100,602,1,2025-05-26 23:27:18,R_2PfKNpTgVmdcI81,anonymous,NL,1,2,20,3,0,3,2,3,2,4,4,4,4,4,3,4,3,3,3,4,3,3,3,2,,,,,0,0,133.834,0,1,4,4,5,90%,4,1,5,3,3,3,3,4,2,5,3,5,3,1,3,3,204037,uncertainty
2025-05-27 09:07:55,2025-05-27 09:19:34,0,100,699,1,2025-05-27 09:19:34,R_9EncZJbpCBpaiWi,anonymous,EN-GB,1,2,24,8,0,4,4,5,2,4,4,3,5,4,3,4,5,3,2,3,2,1,3,4,0,0,114.657,0,,,,,1,5,4,5,90%,4,3,5,5,2,3,3,5,5,5,5,5,2,3,3,3,182989,control
2025-05-27 10:48:14,2025-05-27 10:54:44,0,100,389,1,2025-05-27 10:54:44,R_2AvKzCoMycWhxJf,anonymous,NL,1,2,18,6,0,2,1,1,1,1,1,4,2,4,1,4,4,4,4,5,4,3,3,2,,,,,1.022,183.125,183.57,21,4,4,4,5,90,4,2,5,4,3,3,3,4,2,2,4,5,4,1,3,3,197527,uncertainty
2025-05-27 11:04:33,2025-05-27 11:06:48,0,100,135,1,2025-05-27 11:06:48,R_8zl8vkjoqmFqkiJ,anonymous,NL,1,2,19,3,0,3,3,2,2,4,2,2,3,4,3,4,3,3,2,3,4,3,4,3,,,,,0.296,25.788,30.781,7,3,3,3,3,40,3,4,4,2,3,2,4,4,2,3,2,2,3,4,3,3,198286,uncertainty
2025-05-27 15:39:06,2025-05-27 15:41:37,0,100,151,1,2025-05-27 15:41:38,R_2Ca8BwckOYjX8JQ,anonymous,NL,1,2,21,3,0,3,4,4,4,4,4,4,4,4,4,4,5,4,4,4,4,4,4,4,11.091,11.091,41.682,1,,,,,1,4,4,3,9/10,3,4,3,4,3,4,4,4,4,4,3,3,4,4,4,4,199234,control
2025-05-27 15:51:04,2025-05-27 16:14:19,0,100,1395,1,2025-05-27 16:14:20,R_2rHrwixvcu5RFTP,anonymous,NL,1,2,19,6,0,4,2,4,4,3,2,4,2,2,4,4,2,4,2,3,2,2,2,2,0,0,79.771,0,,,,,4,4,4,3,90% van de diagnoses zijn accuraat,4,1,5,4,4,3,4,2,2,3,2,4,3,1,3,3,199705,control
2025-05-27 19:43:48,2025-05-27 19:46:48,0,100,180,1,2025-05-27 19:46:49,R_8qagFs56vZNmkxD,anonymous,EN-GB,1,2,20,3,0,3,3,4,3,3,3,4,3,4,4,5,4,4,2,2,4,2,2,1,0,0,32.918,0,,,,,1,4,4,4,90,4,3,4,4,2,3,2,4,3,4,4,4,2,1,3,3,201103,control
2025-05-27 17:52:20,2025-05-28 00:45:17,0,100,24777,1,2025-05-28 00:45:18,R_2Vm4M1bwKkUa0sT,anonymous,EN-GB,1,1,20,6,0,3,3,4,4,4,3,4,5,4,4,5,3,4,3,4,4,4,4,3,,,,,0,0,212.78,0,1,4,4,3,82%-98%,4,3,5,4,3,3,4,5,2,4,4,5,4,3,3,4,197599,uncertainty
2025-05-28 01:38:21,2025-05-28 01:42:34,0,100,253,1,2025-05-28 01:42:35,R_2jj33wfrHOE1hzz,anonymous,EN-GB,1,1,20,6,0,2,3,4,3,4,4,2,4,3,4,4,3,4,5,4,4,1,4,1,0.152,34.88,35.748,22,,,,,2,2,4,3,90%,4,3,4,4,2,2,3,4,3,4,3,4,4,3,2,3,199420,control
2025-05-28 10:49:03,2025-05-28 10:54:11,0,100,308,1,2025-05-28 10:54:12,R_2F3UNwiXNkx6yhv,anonymous,NL,1,2,22,6,0,3,1,1,1,1,1,4,1,4,2,4,5,3,2,4,2,2,4,3,,,,,0,0,52.944,0,1,1,1,4,Tussen de 82 en 98 procent,2,2,5,2,2,3,2,4,1,4,3,5,4,1,2,1,199516,uncertainty
2025-05-28 16:00:35,2025-05-28 16:09:52,0,100,556,1,2025-05-28 16:09:52,R_8aVEUe0Tc7OmYvf,anonymous,NL,1,2,60,7,0,2,3,3,4,2,3,4,4,4,3,4,3,4,4,4,3,2,4,3,,,,,5.151,67.974,69.047,19,1,2,2,3,82-98%,4,3,3,4,2,4,1,5,4,5,4,5,2,3,2,4,,uncertainty
2025-05-28 17:31:27,2025-05-28 17:36:42,0,100,314,1,2025-05-28 17:36:42,R_27IiiqthjvjvDWN,anonymous,NL,1,2,19,6,0,3,1,2,1,2,3,5,4,4,4,5,4,5,3,3,4,2,3,3,0,0,48.401,0,,,,,5,5,5,3,90%,1,2,5,2,4,1,3,4,1,3,2,5,4,1,2,2,200233,control
2025-05-27 19:39:54,2025-05-27 19:43:48,0,72,233,0,2025-05-28 19:43:49,R_8P7gX8MqcPDJFlw,anonymous,EN-GB,1,2,20,3,0,3,2,3,3,3,3,4,3,3,4,5,4,4,3,2,4,2,3,1,,,,,61.845,63.595,66.023,2,,,,,,,,,,,,,,,,,,,,,,201103,uncertainty
2025-05-29 17:42:11,2025-05-29 17:47:54,0,100,343,1,2025-05-29 17:47:55,R_8K8Pu9ikJ31mLwx,anonymous,NL,1,1,18,6,0,2,1,2,4,1,2,5,1,4,1,4,2,4,4,3,4,4,1,2,,,,,0,0,70.27,0,1,4,3,4,"90 procent, maar eigenlijk 82 tot 96",4,4,4,3,2,3,2,4,3,4,3,4,3,3,4,3,197569,uncertainty
2025-05-29 19:11:23,2025-05-29 19:22:39,0,100,675,1,2025-05-29 19:22:39,R_2VmOO7V3SK8NizR,anonymous,EN-GB,1,2,18,6,0,2,2,3,5,3,2,5,4,5,3,3,2,3,4,4,3,1,3,3,0,0,118.624,0,,,,,4,5,3,5,90%,4,2,4,3,4,3,2,4,3,4,2,4,4,1,3,3,198889,control
2025-05-30 00:38:21,2025-05-30 00:47:20,0,100,539,1,2025-05-30 00:47:21,R_8r7bA3ZDpqhMdyH,anonymous,NL,1,2,21,6,0,3,3,2,4,2,3,5,3,4,2,3,4,3,4,5,4,2,3,3,0,0,71.343,0,,,,,2,4,4,4,de aanbevelingen kloppen 90 procent van de tijd maar of de aanbevelingen ook werken staat niet besproken. Hierdoor is hij niet heel betrouwbaar en nauwkeurig,4,2,5,3,2,2,3,3,1,3,3,5,3,2,2,2,201604,control
2025-05-30 10:58:35,2025-05-30 10:59:10,0,100,35,1,2025-05-30 10:59:10,R_2iD1CSs0GJ4uC10,anonymous,NL,1,2,21,6,1,5,,,,,,,,,,,,,,,,,,,,,,,,,,,,,,,,,,,,,,,,,,,,,,,,197752,
2025-05-30 13:02:56,2025-05-30 13:07:24,0,100,267,1,2025-05-30 13:07:24,R_26OVlQad6yjt0LD,anonymous,DE,1,1,19,6,0,4,4,4,3,4,3,3,4,2,5,3,3,2,4,3,2,3,3,2,,,,,0.469,51.51,55.22,14,2,5,4,2,90%,2,4,3,2,3,2,3,2,1,3,3,4,4,1,3,3,198511,uncertainty
2025-05-30 13:07:40,2025-05-30 13:09:57,0,100,136,1,2025-05-30 13:09:57,R_2Quk7uogUim848l,anonymous,DE,1,1,19,6,0,4,3,4,3,3,3,2,3,3,3,3,4,3,3,3,3,2,3,3,,,,,0.69,30.509,31.367,18,2,4,4,2,Etwa 90%,3,4,3,3,2,3,3,4,3,3,3,2,4,3,4,2,198511,uncertainty
2025-05-30 15:54:47,2025-05-30 15:59:17,0,100,269,1,2025-05-30 15:59:18,R_2nkZy9tseMdquwZ,anonymous,NL,1,1,19,6,0,4,4,4,2,3,4,2,5,4,4,4,4,4,2,1,4,5,2,1,0.158,26.465,44.862,8,,,,,4,4,5,3,90%,4,2,4,4,1,4,2,5,3,4,3,5,2,1,4,4,201007,control
2025-05-30 18:27:04,2025-05-30 18:27:47,0,100,42,1,2025-05-30 18:27:47,R_8dMhsDubsRJ3o5i,anonymous,NL,1,2,18,6,1,4,,,,,,,,,,,,,,,,,,,,,,,,,,,,,,,,,,,,,,,,,,,,,,,,197719,
2025-05-30 20:43:49,2025-05-30 20:50:20,0,100,391,1,2025-05-30 20:50:20,R_8Vd82WrTkQTh6U1,anonymous,EN-GB,1,1,22,6,0,5,2,4,3,3,1,2,2,3,4,4,3,3,2,3,2,2,4,1,0,0,127.985,0,,,,,2,4,4,4,90%,4,5,5,4,2,2,3,4,1,2,4,5,2,1,2,2,198475,control
2025-05-31 12:30:46,2025-05-31 12:35:48,0,100,302,1,2025-05-31 12:35:49,R_8xnuotirfKv6jVT,anonymous,NL,1,2,19,3,0,4,1,2,2,2,1,5,2,4,3,4,3,4,3,4,4,4,2,2,,,,,0,0,56.254,0,4,3,4,4,82 tot 98 procent,3,2,4,3,4,3,2,4,3,4,4,5,4,1,2,3,200713,uncertainty
2025-05-31 17:01:29,2025-05-31 17:07:19,0,100,350,1,2025-05-31 17:07:19,R_2XiEWgagx7KDUI1,anonymous,NL,1,2,21,6,0,3,2,2,4,2,3,3,4,4,2,4,3,4,4,3,3,3,2,2,,,,,0,0,68.235,0,2,4,4,4,82 tot 98 procent,4,3,4,4,2,3,2,4,4,4,4,5,3,1,4,3,190633,uncertainty
2025-05-31 20:53:01,2025-05-31 21:03:15,0,100,614,1,2025-05-31 21:03:16,R_2QSpKt2PmLNLHal,anonymous,EN-GB,1,2,22,6,0,3,3,4,4,3,4,3,4,3,3,4,3,3,3,4,3,4,4,2,0,0,172.59,0,,,,,1,4,3,4,90%,4,3,4,3,2,3,2,3,2,5,3,4,3,1,3,4,200530,control
2025-06-01 11:52:02,2025-06-01 11:56:29,0,100,266,1,2025-06-01 11:56:29,R_8goShOw7CGV6R9u,anonymous,EN-GB,1,1,22,6,0,3,3,4,2,3,3,3,4,2,4,3,3,4,3,2,4,2,4,4,0.715,5.129,189.901,4,,,,,3,4,3,4,?,3,3,2,2,3,4,4,4,2,4,2,2,2,3,3,3,191962,control
2025-06-01 19:14:19,2025-06-01 19:21:26,0,100,427,1,2025-06-01 19:21:27,R_8B8KmUsBk8PzHxe,anonymous,DE,1,2,19,6,0,3,2,3,3,3,2,2,3,4,3,3,3,3,3,2,3,3,2,2,,,,,0,0,139.066,0,3,4,3,3,89%,4,4,4,3,2,3,2,4,3,4,3,4,2,1,3,3,200752,uncertainty
2025-06-01 21:24:58,2025-06-01 21:28:30,0,100,212,1,2025-06-01 21:28:32,R_8JKKKNYXNZ7ojUN,anonymous,NL,1,2,18,3,0,4,1,3,3,2,1,5,2,5,5,4,3,5,2,1,4,4,1,2,0,0,32.138,0,,,,,3,3,5,5,8 van de 10 keer,5,1,4,4,4,4,3,2,5,5,5,5,2,1,4,4,197692,control
2025-05-31 21:59:53,2025-05-31 22:00:27,0,50,34,0,2025-06-01 22:00:34,R_2PMOuKijLIBAprM,anonymous,DE,1,2,25,6,0,2,,,,,,,,,,,,,,,,,,,,,,,,,,,,,,,,,,,,,,,,,,,,,,,,,
2025-06-02 08:42:47,2025-06-02 08:52:29,0,100,582,1,2025-06-02 08:52:30,R_2CVcPVX7D9w9syd,anonymous,NL,1,2,21,6,0,4,4,5,2,3,4,1,4,2,5,4,3,4,2,2,4,4,1,1,,,,,12.805,12.805,43.53,1,1,4,2,4,Ongeveer 90%,4,4,4,4,2,4,2,4,3,4,4,4,2,1,4,4,198235,uncertainty
2025-06-02 10:17:07,2025-06-02 10:23:16,0,100,369,1,2025-06-02 10:23:16,R_2MYwCJj8UeVwXl2,anonymous,NL,1,1,20,3,0,2,3,4,2,3,1,4,4,4,2,5,4,4,3,4,5,2,4,5,61.216,61.216,61.985,1,,,,,4,5,1,2,rond de 90%,4,3,5,4,1,4,4,2,3,4,4,5,2,1,5,4,197995,control
2025-06-02 11:56:09,2025-06-02 12:00:55,0,100,286,1,2025-06-02 12:00:56,R_8aX0kEUheIUy7zb,anonymous,NL,1,2,19,3,0,3,1,1,1,2,1,5,1,4,2,4,3,4,4,5,2,4,4,4,,,,,2.533,23.49,31.991,7,1,3,4,3,80,3,1,4,4,2,3,2,1,4,4,1,5,4,1,4,4,201022,uncertainty
2025-06-02 12:48:58,2025-06-02 12:49:30,0,100,31,1,2025-06-02 12:49:31,R_8HBWgzmvTTLBR0z,anonymous,NL,1,2,22,6,1,4,,,,,,,,,,,,,,,,,,,,,,,,,,,,,,,,,,,,,,,,,,,,,,,,201982,
2025-06-02 13:18:13,2025-06-02 13:21:02,0,100,169,1,2025-06-02 13:21:03,R_2hxNwGaOBInUF3n,anonymous,NL,1,1,19,3,0,4,3,5,4,5,4,2,4,4,3,4,2,5,3,4,4,4,2,1,0.807,32.822,33.428,7,,,,,4,3,4,2,Zeer nauwkeurig,4,1,5,3,4,2,3,2,4,4,3,5,2,1,4,3,198757,control
2025-06-02 13:41:09,2025-06-02 13:44:38,0,100,208,1,2025-06-02 13:44:38,R_22SobxDAK1kSvCj,anonymous,NL,1,1,22,6,0,3,3,2,2,3,3,3,2,2,2,3,2,4,2,3,2,4,3,3,,,,,0.108,10.911,65.36,11,3,2,3,3,"60%
",3,2,3,4,3,4,4,3,3,3,2,2,4,5,3,2,191962,uncertainty
2025-06-02 14:03:14,2025-06-02 14:09:57,0,100,402,1,2025-06-02 14:09:57,R_25TJgm06bzc9w6p,anonymous,NL,1,1,19,6,0,4,2,3,2,2,2,4,2,4,4,5,2,5,2,2,5,5,1,2,60.511,60.511,65.594,1,,,,,3,5,5,5,90%,4,2,4,4,2,4,2,3,3,4,4,4,3,1,4,4,197035,control
2025-06-02 14:39:27,2025-06-02 14:44:13,0,100,285,1,2025-06-02 14:44:14,R_2e8z2SV60fIdsVD,anonymous,NL,1,2,19,6,0,2,3,5,1,4,3,5,4,4,4,5,2,4,3,4,4,3,2,2,,,,,0,0,64.068,0,4,4,4,4,"90% met een foutmarge van 8%, dus de betrouwbaarheid zit tussen de 82% en 98%.",4,1,4,3,3,3,2,4,3,4,3,5,2,1,3,3,200557,uncertainty
2025-06-02 14:51:59,2025-06-02 14:57:29,0,100,330,1,2025-06-02 14:57:30,R_2V7ORgcCfGw7yOq,anonymous,NL,1,1,19,3,0,3,4,4,2,4,3,3,5,3,4,4,2,4,2,3,4,4,2,2,3.047,34.963,47.984,3,,,,,4,3,3,4,Weet ik niet meer best hoog,4,4,4,5,2,4,2,4,5,4,4,4,2,1,4,4,196759,control
2025-06-02 16:41:08,2025-06-02 16:44:36,0,100,208,1,2025-06-02 16:44:36,R_2ovGj22vKzmU4wn,anonymous,NL,1,1,22,6,0,2,1,2,4,2,1,4,1,4,2,4,3,4,2,3,4,2,3,4,,,,,0,0,35.734,0,4,4,3,4,92%,4,4,2,4,2,4,2,4,4,4,4,2,2,3,4,4,199969,uncertainty
2025-06-02 17:03:19,2025-06-02 17:08:28,0,100,308,1,2025-06-02 17:08:28,R_2QfecGBIX918Tg3,anonymous,NL,1,2,18,6,0,3,2,2,2,3,2,4,2,4,3,5,3,4,3,2,4,2,3,3,0,0,46.071,0,,,,,4,3,2,4,90%,2,1,4,2,3,2,3,2,2,4,2,1,3,1,3,2,198232,control
2025-06-02 17:06:02,2025-06-02 17:11:04,0,100,302,1,2025-06-02 17:11:05,R_8mb14O9zYlW1XLU,anonymous,EN-GB,1,2,19,3,0,4,2,4,3,4,4,5,2,4,3,2,4,2,3,4,2,2,3,3,,,,,0,0,36.12,0,4,3,5,2,90%,2,1,4,1,3,2,3,4,3,4,2,4,3,1,2,1,199753,uncertainty
2025-06-02 20:11:42,2025-06-02 20:16:25,0,100,283,1,2025-06-02 20:16:26,R_2jLPEXLTlW4dxnz,anonymous,NL,1,2,18,6,0,4,4,4,4,3,4,4,4,4,5,5,2,4,4,3,4,4,3,3,,,,,1.386,47.615,50.224,9,4,4,3,5,92% met een plus minus van 8%,5,3,5,5,2,4,1,4,4,5,4,5,2,2,5,4,198970,uncertainty
2025-06-03 09:54:13,2025-06-03 10:02:59,0,100,525,1,2025-06-03 10:02:59,R_2Bge5vZKffE8Szv,anonymous,NL,1,2,22,6,0,4,2,3,2,3,2,2,4,3,4,4,2,4,3,2,3,4,1,3,0,0,40.788,0,,,,,2,5,5,4,90,2,1,4,3,2,3,1,3,3,2,4,4,2,1,3,3,200347,control
2025-06-03 13:33:04,2025-06-03 13:36:25,0,100,201,1,2025-06-03 13:36:25,R_8lMPS7SOZsxbmGP,anonymous,EN-GB,1,2,20,6,0,4,2,4,3,3,2,3,3,3,4,1,3,2,4,4,2,3,2,4,0.906,3.253,31.872,5,,,,,5,3,2,3,"I don’t know ",3,4,3,3,2,4,3,2,4,3,2,3,2,3,3,3,202150,control
2025-06-03 21:47:40,2025-06-03 21:58:03,0,100,623,1,2025-06-03 21:58:04,R_2Pm4q9q4mufnTA5,anonymous,EN-GB,1,2,21,6,0,3,4,4,2,3,4,2,4,2,4,4,4,2,3,4,3,2,3,4,,,,,0,0,181.861,0,4,4,4,4,90,4,2,4,3,4,2,3,4,2,4,2,3,4,1,3,2,197041,uncertainty
2025-06-04 09:49:19,2025-06-04 09:55:59,0,100,399,1,2025-06-04 09:55:59,R_85Leu1Mnkplgjfh,anonymous,NL,1,2,18,6,0,4,2,4,4,3,2,5,3,5,4,4,3,4,2,4,4,4,2,2,1.061,34.538,35.095,26,,,,,3,4,4,4,"Best betrouwbaar, gaat om 90% van de 100% gevallen",4,2,5,4,3,4,2,2,3,3,3,5,4,1,3,4,199198,control
2025-06-04 21:14:51,2025-06-04 21:35:23,0,100,1232,1,2025-06-04 21:35:24,R_8I5MprjhcRZWV7Z,anonymous,NL,1,2,21,3,0,3,5,4,2,4,5,1,5,5,3,4,3,2,4,4,2,4,3,4,0.381,488.563,489.02,27,,,,,4,3,4,4,90 procent,2,4,4,4,4,2,4,3,3,4,2,5,5,2,2,4,199213,control
2025-06-04 21:07:30,2025-06-04 21:36:06,0,100,1716,1,2025-06-04 21:36:06,R_2Nn0fnSxpNxQCE9,anonymous,NL,1,2,18,6,0,4,3,2,1,3,4,4,3,4,4,4,3,4,2,3,3,4,2,2,,,,,0,0,937.005,0,4,3,4,4,tussen 82 en 98 procent,4,2,4,4,2,3,2,4,2,4,3,5,3,1,4,3,199201,uncertainty
2025-06-05 11:29:37,2025-06-05 11:34:42,0,100,304,1,2025-06-05 11:34:42,R_2CNGhD0xkn7oblW,anonymous,NL,1,2,25,6,0,2,1,1,4,1,1,5,1,2,2,3,3,4,3,4,3,2,3,3,,,,,0,0,68.875,0,1,4,2,1,82 tot 98 %,2,1,5,3,2,3,2,4,2,4,3,5,4,1,3,2,205756,uncertainty
2025-06-05 11:57:21,2025-06-05 12:09:53,0,100,751,1,2025-06-05 12:09:53,R_8SraSX5rayBiIHW,anonymous,NL,1,2,20,6,0,2,1,2,4,2,1,5,1,5,3,5,2,4,2,3,4,2,3,1,439.955,440.173,443.252,2,,,,,4,5,3,3,90,4,1,5,3,2,2,2,4,2,4,2,4,2,1,4,2,190678,control
2025-06-05 12:54:58,2025-06-05 12:58:42,0,100,224,1,2025-06-05 12:58:43,R_8oGVemV8ExUCKx7,anonymous,NL,1,2,20,2,0,3,1,2,2,2,1,5,2,4,4,5,4,4,2,2,4,4,2,1,,,,,8.719,41.042,41.692,5,4,4,2,1,90,2,1,5,3,4,2,4,1,2,4,2,5,4,1,4,2,200947,uncertainty
2025-06-05 17:32:01,2025-06-05 17:50:55,0,100,1133,1,2025-06-05 17:50:55,R_8EutUbyHMrrDHL5,anonymous,NL,1,1,18,6,0,2,3,4,1,4,3,5,4,3,4,5,2,5,1,2,5,4,3,2,14.353,113.894,128.533,33,,,,,1,5,4,3,90%,4,1,5,3,4,1,3,2,3,4,2,4,4,1,2,3,205762,control
2025-06-05 21:31:59,2025-06-05 21:36:54,0,100,295,1,2025-06-05 21:36:55,R_2FmHV0TKTeGmAPI,anonymous,NL,1,2,25,6,0,4,2,2,4,2,2,5,2,4,3,2,4,3,4,5,4,2,3,1,,,,,1.179,38.118,49.854,9,1,5,5,5,90%,4,3,2,4,2,4,2,4,4,4,4,5,3,1,4,4,187348,uncertainty
2025-06-06 16:31:26,2025-06-06 16:37:01,0,100,335,1,2025-06-06 16:37:02,R_2sJm8Uq8JbwaUcV,anonymous,NL,1,1,21,6,0,4,4,2,4,4,2,4,4,2,2,5,3,4,2,2,4,5,2,3,0,0,34.536,0,,,,,4,3,4,4,best betrouwbaar en nauwkeurig,4,1,5,3,4,3,3,4,2,4,4,5,2,1,4,2,199462,control
2025-06-06 16:36:12,2025-06-06 16:44:03,0,100,471,1,2025-06-06 16:44:03,R_2FJTrXLXSgiUUSd,anonymous,NL,1,1,18,6,0,3,1,4,2,3,2,5,4,4,4,5,3,4,2,2,3,4,3,3,,,,,0,0,77.146,0,2,4,4,3,80%,4,1,4,2,2,2,2,3,2,4,4,4,2,1,4,3,198796,uncertainty
2025-06-06 20:38:06,2025-06-06 20:49:45,0,100,699,1,2025-06-06 20:49:45,R_8ZPwLIlXmb2KYX7,anonymous,EN-GB,1,2,19,3,0,3,2,2,2,2,2,4,2,2,2,3,3,3,4,4,3,3,4,3,16.002,16.002,37.541,1,,,,,3,1,3,5,90%,3,1,4,4,4,2,3,2,2,3,3,4,4,1,2,2,198895,control
2025-06-07 10:19:22,2025-06-07 10:25:27,0,100,365,1,2025-06-07 10:25:27,R_8IhOfHvfuAAJlnH,anonymous,EN-GB,1,2,20,6,0,2,2,2,4,2,2,5,2,4,2,2,4,2,4,4,2,2,4,3,0,0,82.134,0,,,,,2,4,4,2,90%,2,1,5,2,4,2,4,4,2,2,2,4,4,1,2,1,200467,control
2025-06-07 10:57:31,2025-06-07 11:04:10,0,100,398,1,2025-06-07 11:04:10,R_8TLSdrMlbwEFy8C,anonymous,NL,1,1,22,6,0,4,4,4,4,2,2,4,2,4,2,4,3,4,2,4,4,4,3,2,,,,,1.789,97.721,98.673,8,1,4,4,4,82-98 procent,5,2,5,4,2,4,2,5,5,5,4,5,2,1,5,4,200290,uncertainty
2025-06-07 22:11:31,2025-06-07 22:18:34,0,100,422,1,2025-06-07 22:18:34,R_2kMo2wOa1kEKRHO,anonymous,EN-GB,1,3,18,6,0,2,4,1,2,2,1,5,1,4,1,4,4,3,3,4,2,1,3,2,,,,,0,0,87.948,0,4,2,4,3,90% with +/-8% error chance,4,1,5,3,2,2,4,5,2,1,2,5,4,1,2,2,199396,uncertainty
2025-06-08 07:06:17,2025-06-08 07:07:03,0,100,45,1,2025-06-08 07:07:03,R_2jkxcHte9im8lbX,anonymous,NL,1,2,"31 ",5,1,4,,,,,,,,,,,,,,,,,,,,,,,,,,,,,,,,,,,,,,,,,,,,,,,,148576,
2025-06-08 07:23:07,2025-06-08 07:24:18,0,61,70,0,2025-06-09 07:24:19,R_2dXrMz4EfYkfHKK,anonymous,NL,1,2,31,5,0,5,4,1,5,3,3,3,4,3,2,2,1,1,2,3,2,4,2,5,,,,,,,,,,,,,,,,,,,,,,,,,,,,,,148576,control
2025-06-09 17:32:58,2025-06-09 17:43:11,0,100,612,1,2025-06-09 17:43:12,R_8bTQxsbSKYZGK6o,anonymous,NL,1,2,19,6,0,4,2,2,2,3,2,3,2,3,4,4,3,4,3,3,3,4,3,2,0,0,47.088,0,,,,,3,3,3,3,Niet heel betrouwbaar,2,2,5,3,3,2,3,3,2,3,1,4,3,2,3,2,197602,control
2025-06-09 23:58:12,2025-06-10 00:02:16,0,100,243,1,2025-06-10 00:02:17,R_2dhNGlouIVA5lbo,anonymous,NL,1,2,19,6,0,3,2,3,3,2,2,4,3,3,4,4,4,4,2,2,4,4,1,2,,,,,0,0,55.043,0,4,3,2,4,-,4,1,3,4,3,4,2,4,3,4,4,4,3,1,4,4,200890,uncertainty
2025-06-10 00:36:11,2025-06-10 00:36:44,0,100,33,1,2025-06-10 00:36:45,R_8PRWQ5wZxXwPVra,anonymous,NL,1,2,24,6,1,2,,,,,,,,,,,,,,,,,,,,,,,,,,,,,,,,,,,,,,,,,,,,,,,,172195,
2025-06-10 01:05:28,2025-06-10 01:06:01,0,100,33,1,2025-06-10 01:06:02,R_87ptvQ20RJSqfOj,anonymous,NL,1,2,31,5,1,4,,,,,,,,,,,,,,,,,,,,,,,,,,,,,,,,,,,,,,,,,,,,,,,,148576,
2025-06-10 10:49:10,2025-06-10 10:55:26,0,100,375,1,2025-06-10 10:55:27,R_2YbNaIL5OuN3rAR,anonymous,NL,1,2,19,6,0,4,2,2,2,2,2,3,2,3,4,4,4,4,3,3,3,2,3,3,35.724,35.724,48.29,1,,,,,4,4,4,2,90%,2,3,4,2,4,2,4,2,2,3,3,4,2,1,3,2,196978,control
2025-06-10 11:14:04,2025-06-10 11:18:19,0,100,254,1,2025-06-10 11:18:19,R_2QFZVQBTTNiStg9,anonymous,DE,1,1,23,7,0,5,3,4,2,3,2,4,2,4,4,3,4,4,3,4,3,4,2,3,,,,,1.49,28.043,39.777,3,2,3,1,4,90,4,4,3,4,2,4,2,4,4,4,4,4,4,1,3,4,,uncertainty
2025-06-10 11:14:50,2025-06-10 11:20:19,0,100,328,1,2025-06-10 11:20:20,R_2OILNbWnOArzeAv,anonymous,NL,1,1,24,7,0,1,5,4,3,4,5,1,4,2,4,4,4,4,3,4,4,2,3,1,0.303,45.497,60.699,6,,,,,2,4,3,4,90%,2,1,5,3,4,1,3,4,1,4,3,5,4,1,2,3,,control
2025-06-10 11:16:49,2025-06-10 11:21:06,0,100,257,1,2025-06-10 11:21:09,R_8foMbyaXem2aOis,anonymous,NL,1,1,24,7,0,5,4,5,4,5,4,2,4,4,5,5,2,5,2,2,5,5,2,1,,,,,2.162,60.596,76.7,4,1,2,1,3,90%,4,5,5,4,4,4,2,1,4,4,4,5,4,2,4,4,,uncertainty
2025-06-10 11:21:08,2025-06-10 11:25:44,0,100,275,1,2025-06-10 11:25:44,R_2nsO3CsGJf8wty1,anonymous,NL,1,1,24,7,0,4,4,4,2,4,4,2,4,2,4,4,2,4,2,3,4,4,3,4,0.324,18.827,33.101,9,,,,,1,4,4,4,90%,4,4,5,4,2,4,4,4,3,5,4,5,2,4,4,4,,control
2025-06-10 11:39:11,2025-06-10 11:46:48,0,100,457,1,2025-06-10 11:46:48,R_2rvIDbc2k74p9bA,anonymous,EN-GB,1,2,25,6,0,3,2,4,5,3,2,1,4,4,4,2,4,4,5,5,3,1,4,3,,,,,6.245,68.576,69.206,3,2,2,5,4,80%,4,2,4,4,2,4,3,2,2,4,3,2,2,1,4,4,,uncertainty
2025-06-10 11:56:47,2025-06-10 12:01:06,0,100,258,1,2025-06-10 12:01:06,R_8TnRlBtBc1e9KFu,anonymous,NL,1,1,22,7,0,5,4,4,4,4,3,4,3,2,4,3,3,3,2,2,3,2,3,1,0.568,39.831,47.101,12,,,,,1,4,4,3,"90% ",3,2,5,3,2,2,3,4,1,4,4,5,2,1,2,2,,control
2025-06-10 11:55:17,2025-06-10 12:04:05,0,100,528,1,2025-06-10 12:04:05,R_2mk21YLeOZQgYl5,anonymous,NL,1,1,23,7,0,3,4,4,2,4,4,4,2,2,4,4,4,4,3,4,4,2,4,3,2.345,17.674,78.842,4,,,,,2,4,4,2,90%,4,4,5,4,4,3,2,3,4,4,4,5,2,1,3,4,,control
2025-06-10 12:29:13,2025-06-10 12:37:24,0,100,490,1,2025-06-10 12:37:24,R_8kHVoo0EyEJngz7,anonymous,NL,1,1,24,7,0,2,4,5,1,4,4,1,5,1,4,5,3,3,3,2,4,2,2,3,,,,,2.576,65.399,65.777,7,2,3,2,2,90 procent met afwijking van 8 procent gegeven bepaalde omstandigheden,3,5,4,4,2,3,4,4,2,4,3,4,3,1,3,3,,uncertainty
2025-06-10 12:40:36,2025-06-10 12:45:46,0,100,310,1,2025-06-10 12:45:47,R_2QKkayYmNOgmRBl,anonymous,NL,1,2,24,7,0,3,1,4,2,2,2,2,4,4,2,4,3,4,3,3,4,2,2,1,1.126,43.439,48.579,4,,,,,2,4,4,4,90%,4,2,4,4,2,4,1,2,4,4,4,4,3,3,4,4,,control
2025-06-10 13:49:35,2025-06-10 13:55:53,0,100,378,1,2025-06-10 13:55:54,R_2dB9UrHivVMElue,anonymous,DE,1,2,25,4,0,4,2,3,4,2,2,4,2,4,2,2,3,3,4,4,3,3,3,3,,,,,0.273,71.643,86.689,12,2,3,4,3,"Ca 90% ist wahrscheinlich richtig ",4,2,3,4,2,4,2,4,4,4,3,4,2,1,4,3,,uncertainty
2025-06-10 14:55:22,2025-06-10 15:03:09,0,100,467,1,2025-06-10 15:03:10,R_82SmN2IbGCZIoPD,anonymous,NL,1,2,22,7,0,5,3,4,4,5,5,2,5,2,4,4,4,3,3,4,3,3,3,3,0,0,45.424,0,,,,,1,4,3,2,90%,4,4,5,4,4,3,4,3,2,4,4,5,5,1,4,3,,control
2025-06-10 21:26:14,2025-06-10 21:31:21,0,100,307,1,2025-06-10 21:31:22,R_2mPRIpjSREWFK5b,anonymous,NL,1,1,19,6,0,4,5,4,3,4,4,4,4,4,4,4,2,5,2,1,4,5,1,2,,,,,0,0,63.887,0,3,4,5,4,82 tot 98 procent,4,2,3,4,2,4,2,4,3,2,4,4,4,1,4,4,205483,uncertainty
2025-06-10 22:22:45,2025-06-10 22:33:47,0,100,661,1,2025-06-10 22:33:47,R_800neMwrGgxi449,anonymous,NL,1,1,25,7,0,3,1,2,4,2,2,4,4,3,4,4,3,4,3,2,4,2,4,1,0.526,284.14,286.648,48,,,,,4,1,4,3,90%,2,1,5,4,4,2,3,4,2,4,4,5,4,1,2,2,,control
2025-06-10 11:13:59,2025-06-10 11:14:43,0,50,44,0,2025-06-11 11:14:44,R_2OW7fE6fN3FG3wC,anonymous,NL,1,2,23,7,0,5,,,,,,,,,,,,,,,,,,,,,,,,,,,,,,,,,,,,,,,,,,,,,,,,,
2025-06-11 11:09:58,2025-06-11 11:17:07,0,100,428,1,2025-06-11 11:17:07,R_2oWSQdSpNxPYPkE,anonymous,NL,1,1,24,7,0,3,4,4,5,3,2,4,4,4,4,5,3,5,3,2,4,3,2,3,,,,,67.821,67.821,89.695,1,4,4,2,3,ergens tussen de 82 en 98 procent.,4,4,5,4,2,3,2,4,2,5,4,5,2,1,3,4,,uncertainty
2025-06-10 11:15:50,2025-06-10 11:19:50,0,72,239,0,2025-06-11 11:19:55,R_2Dv5R1yuMoyZ3SV,anonymous,NL,1,1,24,6,0,2,2,4,4,3,3,2,4,3,2,4,4,4,2,3,3,3,3,2,,,,,,,,,,,,,,,,,,,,,,,,,,,,,,,uncertainty
2025-06-10 11:49:05,2025-06-10 11:49:21,0,11,15,0,2025-06-11 11:49:22,R_2zB0l4lUouNG5Ow,anonymous,NL,1,,,,,,,,,,,,,,,,,,,,,,,,,,,,,,,,,,,,,,,,,,,,,,,,,,,,,,
2025-06-11 21:06:51,2025-06-11 21:10:53,0,100,242,1,2025-06-11 21:10:53,R_21RXn9QqFI9VRJe,anonymous,NL,1,2,19,6,0,2,2,2,4,2,2,2,2,3,2,3,3,3,4,3,3,4,3,3,,,,,34.024,66.887,67.496,5,2,3,4,3,ongeveer 90%,2,4,4,3,3,2,3,4,2,4,3,4,2,3,2,2,198910,uncertainty
2025-06-10 21:16:51,2025-06-10 21:26:14,0,72,562,0,2025-06-11 21:26:14,R_8YtrYnQ82DGxFtA,anonymous,NL,1,1,19,6,0,4,4,5,2,4,4,4,3,4,4,5,2,4,2,1,4,5,2,1,,,,,0.563,236.921,240.678,50,,,,,,,,,,,,,,,,,,,,,,205483,uncertainty
2025-06-10 22:46:37,2025-06-10 22:49:33,0,83,176,0,2025-06-11 22:49:40,R_2n8bYWu1owyIulf,anonymous,NL,1,2,22,6,0,2,2,2,4,2,2,2,2,4,2,4,4,5,3,4,5,2,3,3,0.825,29.087,31.272,8,,,,,,,,,,,,,,,,,,,,,,,,,,,control
2025-06-12 16:27:03,2025-06-12 16:30:58,0,100,234,1,2025-06-12 16:30:58,R_8nJc6BuXASFdQjE,anonymous,NL,1,2,21,6,0,2,2,4,4,4,3,3,2,3,3,4,2,4,2,2,3,2,1,1,7.55,33.533,41.353,5,,,,,4,4,2,3,90%,4,4,4,4,2,3,2,3,3,2,4,4,2,1,4,3,205411,control
2025-06-12 17:27:59,2025-06-12 17:32:56,0,100,297,1,2025-06-12 17:32:56,R_2Lw6jzcgSD4NjEZ,anonymous,DE,1,1,22,6,0,5,2,5,2,4,4,2,2,3,4,4,3,4,1,5,5,2,1,1,0,0,53.325,0,,,,,4,5,4,3,90,4,2,3,5,1,4,2,4,5,5,3,4,1,1,5,5,189835,control
2025-06-12 19:14:34,2025-06-12 19:20:52,0,100,378,1,2025-06-12 19:20:53,R_8mRwSfSIF411yNX,anonymous,EN-GB,1,2,22,3,0,3,3,2,2,2,2,2,2,2,3,2,4,3,4,4,2,2,4,4,,,,,23.757,23.757,78.934,1,2,2,4,4,80-90%,2,4,4,2,3,2,4,2,2,3,3,4,3,2,2,3,188143,uncertainty
2025-06-13 10:04:50,2025-06-13 10:08:44,0,100,233,1,2025-06-13 10:08:44,R_2EDODYvWLtRAypw,anonymous,NL,1,2,21,6,0,4,2,3,2,3,4,5,2,3,4,5,4,4,2,2,4,3,2,2,,,,,0,0,65.679,0,2,4,3,4,82-96%,4,2,4,4,1,4,2,4,4,4,4,4,3,1,3,4,197689,uncertainty
2025-06-13 18:03:46,2025-06-13 18:07:21,0,100,214,1,2025-06-13 18:07:21,R_2AA7nHGI8eOLi1z,anonymous,NL,1,2,36,3,0,5,4,4,2,4,3,2,4,2,5,3,3,3,4,4,3,2,2,1,1.321,27.46,31.42,26,,,,,2,2,2,2,8/10,3,4,2,3,2,4,2,3,2,2,3,5,4,3,3,3,205855,control
2025-06-13 21:56:39,2025-06-13 22:02:28,0,100,349,1,2025-06-13 22:02:28,R_8v3b0I5Vzhx1y83,anonymous,NL,1,1,19,3,0,3,1,4,1,1,3,5,1,4,2,5,4,5,2,2,4,1,2,1,,,,,0,0,46.038,0,3,1,1,1,90% (+/- 8%),4,1,5,4,1,4,1,3,3,2,4,5,5,1,3,3,197656,uncertainty
2025-06-14 20:12:20,2025-06-14 20:28:39,0,100,978,1,2025-06-14 20:28:39,R_231qLn8Gu6n4zTN,anonymous,EN-GB,1,2,26,6,0,3,2,1,4,3,2,4,1,2,2,3,3,3,3,4,3,3,5,3,0,0,184.26,0,,,,,1,5,2,4,90%,4,4,5,4,2,4,2,4,3,4,4,3,3,3,3,3,199249,control
2025-06-15 18:33:54,2025-06-15 18:38:10,0,100,255,1,2025-06-15 18:38:11,R_2h0aWSGxqhp84Em,anonymous,EN-GB,1,2,19,6,0,3,3,3,3,3,3,3,2,4,4,4,3,3,3,4,2,2,2,3,,,,,0.068,20.961,31.266,5,3,3,5,4,75%,4,2,4,4,3,3,2,3,3,3,2,4,3,2,2,3,197293,uncertainty
2025-06-15 19:54:07,2025-06-15 20:00:00,0,100,353,1,2025-06-15 20:00:01,R_8bVEMRVGPdWr17K,anonymous,NL,1,2,23,6,0,4,2,4,2,2,2,2,2,4,2,4,3,2,4,4,2,3,3,3,0.225,30.679,31.4,8,,,,,1,4,4,4,90%,2,1,5,3,4,2,4,4,2,1,3,5,4,1,2,2,188359,control
2025-06-15 22:37:43,2025-06-15 22:51:58,0,100,855,1,2025-06-15 22:51:59,R_2wQMJUC9ot6eRot,anonymous,DE,1,2,21,3,0,3,3,3,3,4,4,3,4,4,3,2,3,2,4,5,2,3,3,1,,,,,0,0,135.675,0,1,2,1,1,82% - 98%,1,3,4,2,2,2,3,4,2,1,2,4,2,1,3,3,199162,uncertainty
2025-06-15 19:45:17,2025-06-15 19:53:43,0,94,505,0,2025-06-16 19:53:47,R_2DqeYyR9Qp7Ef3S,anonymous,NL,1,2,23,6,0,4,2,4,2,2,2,4,2,5,4,4,3,2,3,4,2,3,3,3,6.382,94.475,99.097,14,,,,,2,2,2,2,90%,,,,,,,,,,,,,,,,,188359,control
